date,VNUA
2017/10/13 10:00,33.07 
2017/10/13 11:00,23.29 
2017/10/13 12:00,24.70 
2017/10/13 13:00,17.09 
2017/10/13 14:00,19.97 
2017/10/13 15:00,14.94 
2017/10/13 16:00,16.89 
2017/10/13 17:00,15.80 
2017/10/13 18:00,15.93 
2017/10/13 19:00,21.67 
2017/10/13 20:00,35.22 
2017/10/13 21:00,27.92 
2017/10/13 22:00,25.82 
2017/10/13 23:00,28.51 
2017/10/14 0:00,35.91 
2017/10/14 1:00,44.39 
2017/10/14 2:00,35.65 
2017/10/14 3:00,34.36 
2017/10/14 4:00,25.13 
2017/10/14 5:00,14.19 
2017/10/14 6:00,15.45 
2017/10/14 7:00,26.35 
2017/10/14 8:00,21.27 
2017/10/14 9:00,11.48 
2017/10/14 10:00,9.59 
2017/10/14 11:00,11.31 
2017/10/14 12:00,12.94 
2017/10/14 13:00,10.89 
2017/10/14 14:00,10.98 
2017/10/14 15:00,10.89 
2017/10/14 16:00,11.50 
2017/10/14 17:00,13.39 
2017/10/14 18:00,21.29 
2017/10/14 19:00,48.16 
2017/10/14 20:00,51.84 
2017/10/14 21:00,70.57 
2017/10/14 22:00,79.65 
2017/10/14 23:00,48.50 
2017/10/15 0:00,82.11 
2017/10/15 1:00,32.28 
2017/10/15 2:00,32.30 
2017/10/15 3:00,36.87 
2017/10/15 4:00,21.44 
2017/10/15 5:00,13.86 
2017/10/15 6:00,13.66 
2017/10/15 7:00,16.12 
2017/10/15 8:00,15.98 
2017/10/15 9:00,12.17 
2017/10/15 10:00,10.44 
2017/10/15 11:00,7.74 
2017/10/15 12:00,39.84 
2017/10/15 13:00,16.12 
2017/10/15 14:00,7.72 
2017/10/15 15:00,7.32 
2017/10/15 16:00,6.95 
2017/10/15 17:00,7.83 
2017/10/15 18:00,14.41 
2017/10/15 19:00,32.70 
2017/10/15 20:00,24.36 
2017/10/15 21:00,11.10 
2017/10/15 22:00,18.39 
2017/10/15 23:00,21.39 
2017/10/16 0:00,19.09 
2017/10/16 1:00,20.15 
2017/10/16 2:00,18.55 
2017/10/16 3:00,19.98 
2017/10/16 4:00,31.27 
2017/10/16 5:00,88.82 
2017/10/16 6:00,13.65 
2017/10/16 7:00,16.25 
2017/10/16 8:00,19.33 
2017/10/16 9:00,14.67 
2017/10/16 10:00,17.03 
2017/10/16 11:00,15.24 
2017/10/16 12:00,13.66 
2017/10/16 13:00,16.04 
2017/10/16 14:00,9.80 
2017/10/16 15:00,7.77 
2017/10/16 16:00,7.30 
2017/10/16 17:00,7.57 
2017/10/16 18:00,8.54 
2017/10/16 19:00,6.28 
2017/10/16 20:00,5.80 
2017/10/16 21:00,3.69 
2017/10/16 22:00,3.93 
2017/10/16 23:00,4.25 
2017/10/17 0:00,8.09 
2017/10/17 1:00,8.09 
2017/10/17 2:00,25.07 
2017/10/17 3:00,28.11 
2017/10/17 4:00,16.38 
2017/10/17 5:00,8.00 
2017/10/17 6:00,5.24 
2017/10/17 7:00,3.92 
2017/10/17 8:00,4.47 
2017/10/17 9:00,3.15 
2017/10/17 10:00,3.24 
2017/10/17 11:00,4.65 
2017/10/17 12:00,9.55 
2017/10/17 13:00,95.87 
2017/10/17 14:00,12.00 
2017/10/17 15:00,5.17 
2017/10/17 16:00,2.30 
2017/10/17 17:00,3.43 
2017/10/17 18:00,6.29 
2017/10/17 19:00,7.11 
2017/10/17 20:00,9.93 
2017/10/17 21:00,8.03 
2017/10/17 22:00,6.39 
2017/10/17 23:00,5.26 
2017/10/18 0:00,27.97 
2017/10/18 1:00,12.69 
2017/10/18 2:00,11.33 
2017/10/18 3:00,23.07 
2017/10/18 4:00,36.60 
2017/10/18 5:00,36.01 
2017/10/18 6:00,11.53 
2017/10/18 7:00,11.09 
2017/10/18 8:00,9.97 
2017/10/18 9:00,9.13 
2017/10/18 10:00,6.27 
2017/10/18 11:00,5.27 
2017/10/18 12:00,6.65 
2017/10/18 13:00,8.06 
2017/10/18 14:00,5.02 
2017/10/18 15:00,10.03 
2017/10/18 16:00,17.70 
2017/10/18 17:00,15.35 
2017/10/18 18:00,18.76 
2017/10/18 19:00,13.29 
2017/10/18 20:00,8.19 
2017/10/18 21:00,4.28 
2017/10/18 22:00,5.10 
2017/10/18 23:00,12.76 
2017/10/19 0:00,28.81 
2017/10/19 1:00,22.39 
2017/10/19 2:00,20.23 
2017/10/19 3:00,29.97 
2017/10/19 4:00,20.90 
2017/10/19 5:00,13.63 
2017/10/19 6:00,41.34 
2017/10/19 7:00,47.86 
2017/10/19 8:00,23.28 
2017/10/19 9:00,12.03 
2017/10/19 10:00,10.98 
2017/10/19 11:00,8.53 
2017/10/19 12:00,8.37 
2017/10/19 13:00,9.93 
2017/10/19 14:00,10.64 
2017/10/19 15:00,18.14 
2017/10/19 16:00,22.15 
2017/10/19 17:00,17.03 
2017/10/19 18:00,18.03 
2017/10/19 19:00,19.65 
2017/10/19 20:00,23.49 
2017/10/19 21:00,30.92 
2017/10/19 22:00,31.58 
2017/10/19 23:00,37.28 
2017/10/20 0:00,42.90 
2017/10/20 1:00,46.73 
2017/10/20 2:00,58.42 
2017/10/20 3:00,74.78 
2017/10/20 4:00,65.80 
2017/10/20 5:00,88.84 
2017/10/20 6:00,69.21 
2017/10/20 7:00,61.53 
2017/10/20 8:00,46.70 
2017/10/20 9:00,20.40 
2017/10/20 10:00,14.30 
2017/10/20 11:00,16.18 
2017/10/20 12:00,19.67 
2017/10/20 13:00,16.98 
2017/10/20 14:00,14.37 
2017/10/20 15:00,15.98 
2017/10/20 16:00,20.07 
2017/10/20 17:00,27.74 
2017/10/20 18:00,42.95 
2017/10/23 8:00,13.25 
2017/10/23 9:00,36.05 
2017/10/23 10:00,32.16 
2017/10/23 11:00,29.75 
2017/10/23 12:00,30.56 
2017/10/23 13:00,28.95 
2017/10/23 14:00,25.78 
2017/10/23 15:00,25.44 
2017/10/23 16:00,33.61 
2017/10/23 17:00,35.75 
2017/10/23 18:00,42.34 
2017/10/23 19:00,53.47 
2017/10/23 20:00,70.49 
2017/10/23 21:00,90.22 
2017/10/23 22:00,96.79 
2017/10/23 23:00,88.93 
2017/10/24 0:00,97.15 
2017/10/24 1:00,93.14 
2017/10/24 2:00,86.49 
2017/10/24 3:00,83.33 
2017/10/24 4:00,89.33 
2017/10/24 5:00,79.35 
2017/10/24 6:00,64.42 
2017/10/24 7:00,66.38 
2017/10/24 8:00,73.93 
2017/10/24 9:00,71.69 
2017/10/24 10:00,43.80 
2017/10/24 11:00,37.96 
2017/10/24 12:00,38.86 
2017/10/24 13:00,41.38 
2017/10/24 14:00,40.81 
2017/10/24 15:00,41.61 
2017/10/24 16:00,43.52 
2017/10/24 17:00,41.43 
2017/10/24 18:00,50.67 
2017/10/24 19:00,69.51 
2017/10/24 20:00,76.68 
2017/10/24 21:00,76.47 
2017/10/24 22:00,75.33 
2017/10/24 23:00,108.15 
2017/10/25 0:00,119.07 
2017/10/25 1:00,122.16 
2017/10/25 2:00,111.93 
2017/10/25 3:00,109.48 
2017/10/25 4:00,106.12 
2017/10/25 5:00,94.64 
2017/10/25 6:00,132.10 
2017/10/25 7:00,156.24 
2017/10/25 8:00,124.43 
2017/10/25 9:00,141.06 
2017/10/25 10:00,131.26 
2017/10/25 11:00,109.59 
2017/10/25 12:00,104.68 
2017/10/25 13:00,108.85 
2017/10/25 14:00,102.25 
2017/10/25 15:00,101.31 
2017/10/25 16:00,100.53 
2017/10/25 17:00,99.62 
2017/10/25 18:00,119.55 
2017/10/25 19:00,166.55 
2017/10/25 20:00,144.43 
2017/10/25 21:00,107.15 
2017/10/25 22:00,61.46 
2017/10/25 23:00,68.81 
2017/10/26 0:00,74.94 
2017/10/26 1:00,81.29 
2017/10/26 2:00,90.43 
2017/10/26 3:00,95.55 
2017/10/26 4:00,92.99 
2017/10/26 5:00,132.58 
2017/10/26 6:00,163.76 
2017/10/26 7:00,163.79 
2017/10/26 8:00,172.14 
2017/10/26 9:00,162.31 
2017/10/26 10:00,139.78 
2017/10/26 11:00,117.59 
2017/10/26 12:00,93.04 
2017/10/26 13:00,85.05 
2017/10/26 14:00,71.63 
2017/10/26 15:00,66.89 
2017/10/26 16:00,69.99 
2017/10/26 17:00,88.90 
2017/10/26 18:00,192.39 
2017/10/26 19:00,273.55 
2017/10/26 20:00,172.61 
2017/10/26 21:00,146.15 
2017/10/26 22:00,140.91 
2017/10/26 23:00,141.83 
2017/10/27 0:00,132.67 
2017/10/27 1:00,111.77 
2017/10/27 2:00,138.15 
2017/10/27 3:00,144.08 
2017/10/27 4:00,143.64 
2017/10/27 5:00,147.38 
2017/10/27 6:00,155.58 
2017/10/27 7:00,139.95 
2017/10/27 8:00,124.39 
2017/10/27 9:00,121.31 
2017/10/27 10:00,110.71 
2017/10/27 11:00,99.62 
2017/10/27 12:00,84.19 
2017/10/27 13:00,70.92 
2017/10/27 14:00,68.12 
2017/10/27 15:00,71.91 
2017/10/27 16:00,69.32 
2017/10/27 17:00,63.69 
2017/10/27 18:00,81.17 
2017/10/27 19:00,91.27 
2017/10/27 20:00,114.50 
2017/10/27 21:00,123.90 
2017/10/27 22:00,153.73 
2017/10/27 23:00,166.19 
2017/10/28 0:00,165.37 
2017/10/28 1:00,157.98 
2017/10/28 2:00,154.34 
2017/10/28 3:00,157.50 
2017/10/28 4:00,180.93 
2017/10/28 5:00,192.63 
2017/10/28 6:00,172.10 
2017/10/28 7:00,164.98 
2017/10/28 8:00,161.93 
2017/10/28 9:00,155.01 
2017/10/28 10:00,129.20 
2017/10/28 11:00,107.39 
2017/10/28 12:00,72.32 
2017/10/28 13:00,56.02 
2017/10/28 14:00,51.02 
2017/10/28 15:00,46.55 
2017/10/28 16:00,46.87 
2017/10/28 17:00,50.11 
2017/10/28 18:00,62.49 
2017/10/28 19:00,95.01 
2017/10/28 20:00,103.28 
2017/10/28 21:00,101.04 
2017/10/28 22:00,105.89 
2017/10/28 23:00,119.99 
2017/10/29 0:00,124.66 
2017/10/29 1:00,122.57 
2017/10/29 2:00,121.69 
2017/10/29 3:00,131.64 
2017/10/29 4:00,132.13 
2017/10/29 5:00,146.73 
2017/10/29 6:00,144.12 
2017/10/29 7:00,155.20 
2017/10/29 8:00,125.44 
2017/10/29 9:00,85.88 
2017/10/29 10:00,40.57 
2017/10/29 11:00,33.24 
2017/10/29 12:00,37.19 
2017/10/29 13:00,34.96 
2017/10/29 14:00,33.01 
2017/10/29 15:00,33.42 
2017/10/29 16:00,35.63 
2017/10/29 17:00,33.53 
2017/10/29 18:00,53.34 
2017/10/29 19:00,74.33 
2017/10/29 20:00,74.42 
2017/10/29 21:00,71.26 
2017/10/29 22:00,53.89 
2017/10/29 23:00,42.01 
2017/10/30 0:00,46.39 
2017/10/30 1:00,75.66 
2017/10/30 2:00,128.48 
2017/10/30 3:00,99.15 
2017/10/30 4:00,96.11 
2017/10/30 5:00,88.29 
2017/10/30 6:00,80.25 
2017/10/30 7:00,64.92 
2017/10/30 8:00,53.99 
2017/10/30 9:00,38.46 
2017/10/30 10:00,34.04 
2017/10/30 11:00,31.32 
2017/10/30 12:00,31.46 
2017/10/30 13:00,29.21 
2017/10/30 14:00,29.09 
2017/10/30 15:00,29.06 
2017/10/30 16:00,30.39 
2017/10/30 17:00,101.23 
2017/10/30 18:00,148.34 
2017/10/30 19:00,80.64 
2017/10/30 20:00,88.73 
2017/10/30 21:00,72.66 
2017/10/30 22:00,72.65 
2017/10/30 23:00,75.79 
2017/10/31 0:00,94.70 
2017/10/31 1:00,97.31 
2017/10/31 2:00,110.07 
2017/10/31 3:00,96.75 
2017/10/31 4:00,89.57 
2017/10/31 5:00,81.29 
2017/10/31 6:00,60.53 
2017/10/31 7:00,56.47 
2017/10/31 8:00,72.27 
2017/10/31 9:00,62.43 
2017/10/31 10:00,45.61 
2017/10/31 11:00,43.87 
2017/10/31 12:00,43.69 
2017/10/31 13:00,44.48 
2017/10/31 14:00,43.61 
2017/10/31 15:00,44.92 
2017/10/31 16:00,41.72 
2017/10/31 17:00,49.54 
2017/10/31 18:00,56.37 
2017/10/31 19:00,296.98 
2017/10/31 20:00,102.99 
2017/10/31 21:00,71.22 
2017/10/31 22:00,74.79 
2017/10/31 23:00,87.77 
2017/11/1 0:00,118.95 
2017/11/1 1:00,130.20 
2017/11/1 2:00,202.13 
2017/11/1 3:00,164.51 
2017/11/1 4:00,125.00 
2017/11/1 5:00,116.02 
2017/11/1 6:00,99.10 
2017/11/1 7:00,103.66 
2017/11/1 8:00,117.14 
2017/11/1 9:00,99.88 
2017/11/1 10:00,98.59 
2017/11/1 11:00,81.50 
2017/11/1 12:00,72.60 
2017/11/1 13:00,56.23 
2017/11/1 14:00,52.68 
2017/11/1 15:00,52.79 
2017/11/1 16:00,49.57 
2017/11/1 17:00,53.40 
2017/11/1 18:00,62.21 
2017/11/1 19:00,82.51 
2017/11/1 20:00,120.01 
2017/11/1 21:00,136.54 
2017/11/1 22:00,142.30 
2017/11/1 23:00,148.30 
2017/11/2 0:00,121.69 
2017/11/2 1:00,122.29 
2017/11/2 2:00,128.13 
2017/11/2 3:00,188.47 
2017/11/2 4:00,223.32 
2017/11/2 5:00,210.30 
2017/11/2 6:00,187.87 
2017/11/2 7:00,106.84 
2017/11/2 8:00,115.00 
2017/11/2 9:00,108.87 
2017/11/2 10:00,98.48 
2017/11/2 11:00,73.25 
2017/11/2 12:00,63.39 
2017/11/2 13:00,44.03 
2017/11/2 14:00,40.52 
2017/11/2 15:00,53.38 
2017/11/2 16:00,38.35 
2017/11/2 17:00,42.38 
2017/11/2 18:00,65.66 
2017/11/2 19:00,67.93 
2017/11/2 20:00,67.08 
2017/11/2 21:00,71.14 
2017/11/2 22:00,89.61 
2017/11/2 23:00,118.03 
2017/11/3 0:00,134.82 
2017/11/3 1:00,330.86 
2017/11/3 2:00,252.91 
2017/11/3 3:00,111.15 
2017/11/3 4:00,98.05 
2017/11/3 5:00,91.18 
2017/11/3 6:00,96.92 
2017/11/3 7:00,95.52 
2017/11/3 8:00,83.51 
2017/11/3 9:00,54.27 
2017/11/3 10:00,37.21 
2017/11/3 11:00,33.28 
2017/11/3 12:00,31.48 
2017/11/3 13:00,33.24 
2017/11/3 14:00,33.53 
2017/11/3 15:00,34.31 
2017/11/3 16:00,34.74 
2017/11/3 17:00,37.21 
2017/11/3 18:00,53.12 
2017/11/3 19:00,65.30 
2017/11/3 20:00,93.12 
2017/11/3 21:00,108.76 
2017/11/3 22:00,124.34 
2017/11/3 23:00,100.75 
2017/11/4 0:00,69.61 
2017/11/4 1:00,53.58 
2017/11/4 2:00,55.76 
2017/11/4 3:00,53.36 
2017/11/4 4:00,54.14 
2017/11/4 5:00,69.54 
2017/11/4 6:00,53.55 
2017/11/4 7:00,44.48 
2017/11/4 8:00,45.57 
2017/11/4 9:00,47.99 
2017/11/4 10:00,35.16 
2017/11/4 11:00,25.25 
2017/11/4 12:00,26.79 
2017/11/4 13:00,26.15 
2017/11/4 14:00,25.11 
2017/11/4 15:00,33.45 
2017/11/4 16:00,33.58 
2017/11/4 17:00,35.93 
2017/11/4 18:00,54.30 
2017/11/4 19:00,63.54 
2017/11/4 20:00,58.15 
2017/11/4 21:00,51.22 
2017/11/4 22:00,53.23 
2017/11/4 23:00,52.97 
2017/11/5 0:00,51.16 
2017/11/5 1:00,52.84 
2017/11/5 2:00,59.66 
2017/11/5 3:00,86.89 
2017/11/5 4:00,61.96 
2017/11/5 5:00,66.79 
2017/11/5 6:00,72.57 
2017/11/5 7:00,66.18 
2017/11/5 8:00,54.47 
2017/11/5 9:00,59.53 
2017/11/5 10:00,74.67 
2017/11/5 11:00,56.76 
2017/11/5 12:00,43.26 
2017/11/5 13:00,40.48 
2017/11/5 14:00,44.60 
2017/11/5 15:00,45.71 
2017/11/5 16:00,44.15 
2017/11/5 17:00,56.60 
2017/11/5 18:00,67.08 
2017/11/5 19:00,69.29 
2017/11/5 20:00,63.41 
2017/11/5 21:00,61.49 
2017/11/5 22:00,66.10 
2017/11/5 23:00,79.09 
2017/11/6 0:00,71.49 
2017/11/6 1:00,88.99 
2017/11/6 2:00,91.38 
2017/11/6 3:00,99.55 
2017/11/6 4:00,102.02 
2017/11/6 5:00,92.53 
2017/11/6 6:00,81.49 
2017/11/6 7:00,82.72 
2017/11/6 8:00,71.41 
2017/11/6 9:00,57.19 
2017/11/6 10:00,52.10 
2017/11/6 11:00,54.19 
2017/11/6 12:00,52.32 
2017/11/6 13:00,48.55 
2017/11/6 14:00,49.24 
2017/11/6 15:00,46.73 
2017/11/6 16:00,45.81 
2017/11/6 17:00,62.65 
2017/11/6 18:00,67.16 
2017/11/6 19:00,60.96 
2017/11/6 20:00,72.82 
2017/11/6 21:00,76.14 
2017/11/6 22:00,79.03 
2017/11/6 23:00,81.56 
2017/11/7 0:00,80.45 
2017/11/7 1:00,85.71 
2017/11/7 2:00,85.61 
2017/11/7 3:00,86.49 
2017/11/7 4:00,82.06 
2017/11/7 5:00,76.37 
2017/11/7 6:00,96.58 
2017/11/7 7:00,78.73 
2017/11/7 8:00,65.51 
2017/11/7 9:00,55.90 
2017/11/7 10:00,37.44 
2017/11/7 11:00,37.41 
2017/11/7 12:00,28.72 
2017/11/7 13:00,26.27 
2017/11/7 14:00,25.59 
2017/11/7 15:00,30.56 
2017/11/7 16:00,29.12 
2017/11/7 17:00,42.62 
2017/11/7 18:00,47.12 
2017/11/7 19:00,39.25 
2017/11/7 20:00,25.53 
2017/11/7 21:00,23.64 
2017/11/7 22:00,19.84 
2017/11/7 23:00,27.59 
2017/11/8 0:00,36.87 
2017/11/8 1:00,40.15 
2017/11/8 2:00,40.95 
2017/11/8 3:00,44.43 
2017/11/8 4:00,45.02 
2017/11/8 5:00,56.83 
2017/11/8 6:00,53.83 
2017/11/8 7:00,59.59 
2017/11/8 8:00,67.36 
2017/11/8 9:00,60.58 
2017/11/8 10:00,60.88 
2017/11/8 11:00,29.36 
2017/11/8 12:00,23.40 
2017/11/10 10:00,39.15 
2017/11/10 11:00,44.88 
2017/11/10 12:00,43.01 
2017/11/10 13:00,44.92 
2017/11/10 14:00,39.41 
2017/11/10 15:00,36.73 
2017/11/10 16:00,40.28 
2017/11/10 17:00,49.47 
2017/11/10 18:00,58.80 
2017/11/10 19:00,64.13 
2017/11/10 20:00,73.85 
2017/11/10 21:00,86.27 
2017/11/10 22:00,103.06 
2017/11/10 23:00,103.51 
2017/11/11 0:00,106.42 
2017/11/11 1:00,107.35 
2017/11/11 2:00,101.88 
2017/11/11 3:00,90.89 
2017/11/11 4:00,94.76 
2017/11/11 5:00,98.36 
2017/11/11 6:00,127.85 
2017/11/11 7:00,170.87 
2017/11/11 8:00,150.54 
2017/11/11 9:00,127.36 
2017/11/11 10:00,127.91 
2017/11/11 11:00,112.74 
2017/11/11 12:00,93.71 
2017/11/11 13:00,76.70 
2017/11/11 14:00,60.69 
2017/11/11 15:00,61.06 
2017/11/11 16:00,62.95 
2017/11/11 17:00,70.38 
2017/11/11 18:00,78.69 
2017/11/11 19:00,95.05 
2017/11/11 20:00,114.55 
2017/11/11 21:00,138.18 
2017/11/11 22:00,139.47 
2017/11/11 23:00,144.72 
2017/11/12 0:00,138.62 
2017/11/12 1:00,125.36 
2017/11/12 2:00,128.14 
2017/11/12 3:00,141.47 
2017/11/12 4:00,127.13 
2017/11/12 5:00,146.61 
2017/11/12 6:00,159.37 
2017/11/12 7:00,167.81 
2017/11/12 8:00,129.61 
2017/11/12 9:00,86.73 
2017/11/12 10:00,69.80 
2017/11/12 11:00,68.46 
2017/11/12 12:00,67.19 
2017/11/12 13:00,79.35 
2017/11/12 14:00,79.71 
2017/11/12 15:00,71.31 
2017/11/12 16:00,46.16 
2017/11/12 17:00,43.01 
2017/11/12 18:00,56.31 
2017/11/12 19:00,73.77 
2017/11/12 20:00,58.94 
2017/11/12 21:00,63.34 
2017/11/12 22:00,67.23 
2017/11/12 23:00,65.71 
2017/11/13 0:00,66.05 
2017/11/13 1:00,68.23 
2017/11/13 2:00,72.51 
2017/11/13 3:00,81.26 
2017/11/13 4:00,80.70 
2017/11/13 5:00,81.86 
2017/11/13 6:00,88.26 
2017/11/13 7:00,94.44 
2017/11/13 8:00,91.18 
2017/11/13 9:00,79.91 
2017/11/13 10:00,83.41 
2017/11/13 11:00,73.60 
2017/11/13 12:00,66.67 
2017/11/13 13:00,55.09 
2017/11/13 14:00,48.37 
2017/11/13 15:00,43.16 
2017/11/13 16:00,51.28 
2017/11/13 17:00,56.94 
2017/11/13 18:00,73.31 
2017/11/13 19:00,77.89 
2017/11/13 20:00,57.81 
2017/11/13 21:00,40.11 
2017/11/13 22:00,37.21 
2017/11/13 23:00,33.56 
2017/11/14 0:00,33.93 
2017/11/16 10:00,30.38 
2017/11/16 11:00,18.36 
2017/11/16 12:00,21.25 
2017/11/16 13:00,28.07 
2017/11/16 14:00,24.69 
2017/11/16 15:00,22.35 
2017/11/16 16:00,20.14 
2017/11/16 17:00,28.27 
2017/11/16 18:00,35.14 
2017/11/16 19:00,36.85 
2017/11/16 20:00,44.29 
2017/11/16 21:00,41.47 
2017/11/16 22:00,36.55 
2017/11/16 23:00,35.69 
2017/11/17 0:00,29.11 
2017/11/17 1:00,36.12 
2017/11/17 2:00,33.23 
2017/11/17 3:00,32.00 
2017/11/17 4:00,31.27 
2017/11/17 5:00,28.90 
2017/11/17 6:00,37.86 
2017/11/17 7:00,37.79 
2017/11/17 8:00,30.73 
2017/11/17 9:00,22.06 
2017/11/17 10:00,20.82 
2017/11/17 11:00,18.83 
2017/11/17 12:00,21.88 
2017/11/17 13:00,19.08 
2017/11/17 14:00,18.87 
2017/11/17 15:00,16.55 
2017/11/17 16:00,17.68 
2017/11/17 17:00,19.07 
2017/11/17 18:00,22.67 
2017/11/17 19:00,21.92 
2017/11/17 20:00,22.81 
2017/11/17 21:00,17.54 
2017/11/17 22:00,14.88 
2017/11/17 23:00,20.19 
2017/11/18 0:00,13.86 
2017/11/18 1:00,14.62 
2017/11/18 2:00,22.24 
2017/11/18 3:00,14.39 
2017/11/18 4:00,15.97 
2017/11/18 5:00,22.79 
2017/11/18 6:00,25.50 
2017/11/18 7:00,28.23 
2017/11/18 8:00,56.28 
2017/11/18 9:00,25.08 
2017/11/18 10:00,29.37 
2017/11/18 11:00,27.68 
2017/11/18 12:00,23.71 
2017/11/18 13:00,16.87 
2017/11/18 14:00,6.33 
2017/11/18 15:00,4.33 
2017/11/18 16:00,5.25 
2017/11/18 17:00,6.75 
2017/11/18 18:00,8.05 
2017/11/18 19:00,8.09 
2017/11/18 20:00,9.26 
2017/11/18 21:00,9.60 
2017/11/18 22:00,11.82 
2017/11/18 23:00,10.13 
2017/11/19 0:00,11.63 
2017/11/19 1:00,8.87 
2017/11/19 2:00,6.57 
2017/11/19 3:00,8.73 
2017/11/19 4:00,9.03 
2017/11/19 5:00,11.08 
2017/11/19 6:00,11.37 
2017/11/19 7:00,11.66 
2017/11/19 8:00,10.83 
2017/11/19 9:00,11.53 
2017/11/19 10:00,19.85 
2017/11/19 11:00,15.54 
2017/11/19 12:00,19.21 
2017/11/19 13:00,31.00 
2017/11/19 14:00,28.68 
2017/11/19 15:00,21.12 
2017/11/19 16:00,21.02 
2017/11/19 17:00,26.54 
2017/11/19 18:00,30.97 
2017/11/19 19:00,29.79 
2017/11/19 20:00,20.34 
2017/11/19 21:00,15.20 
2017/11/19 22:00,19.32 
2017/11/19 23:00,26.46 
2017/11/20 0:00,29.81 
2017/11/20 1:00,21.65 
2017/11/20 2:00,20.66 
2017/11/20 3:00,21.87 
2017/11/20 4:00,26.59 
2017/11/20 5:00,22.56 
2017/11/20 6:00,15.58 
2017/11/20 7:00,10.65 
2017/11/20 8:00,9.54 
2017/11/20 9:00,8.88 
2017/11/20 10:00,28.09 
2017/11/20 11:00,20.21 
2017/11/20 12:00,32.61 
2017/11/20 13:00,8.85 
2017/11/20 14:00,3.77 
2017/11/20 15:00,4.10 
2017/11/20 16:00,5.82 
2017/11/20 17:00,7.52 
2017/11/20 18:00,13.93 
2017/11/20 19:00,17.40 
2017/11/20 20:00,12.68 
2017/11/20 21:00,10.68 
2017/11/20 22:00,10.28 
2017/11/20 23:00,13.66 
2017/11/21 0:00,11.80 
2017/11/21 1:00,13.41 
2017/11/21 2:00,12.48 
2017/11/21 3:00,10.96 
2017/11/21 4:00,10.47 
2017/11/21 5:00,8.76 
2017/11/21 6:00,7.64 
2017/11/21 7:00,9.98 
2017/11/21 8:00,12.55 
2017/11/21 9:00,18.67 
2017/11/21 10:00,12.87 
2017/11/21 11:00,15.60 
2017/11/21 12:00,21.17 
2017/11/21 13:00,20.36 
2017/11/21 14:00,22.36 
2017/11/21 15:00,27.99 
2017/11/21 16:00,33.17 
2017/11/21 17:00,35.08 
2017/11/21 18:00,38.34 
2017/11/21 19:00,37.28 
2017/11/21 20:00,27.87 
2017/11/21 21:00,25.75 
2017/11/21 22:00,19.92 
2017/11/21 23:00,14.87 
2017/11/22 0:00,15.01 
2017/11/22 1:00,15.15 
2017/11/22 2:00,15.69 
2017/11/22 3:00,18.66 
2017/11/22 4:00,17.19 
2017/11/22 5:00,10.67 
2017/11/22 6:00,10.78 
2017/11/22 7:00,14.36 
2017/11/22 8:00,12.72 
2017/11/22 9:00,8.65 
2017/11/22 10:00,8.50 
2017/11/22 11:00,8.36 
2017/11/22 12:00,8.76 
2017/11/24 15:00,19.78 
2017/11/24 16:00,20.51 
2017/11/24 17:00,23.64 
2017/11/24 18:00,26.93 
2017/11/24 19:00,29.97 
2017/11/24 20:00,30.11 
2017/11/24 21:00,33.28 
2017/11/24 22:00,45.03 
2017/11/24 23:00,39.04 
2017/11/25 0:00,47.97 
2017/11/25 1:00,35.05 
2017/11/25 2:00,33.08 
2017/11/25 3:00,38.42 
2017/11/25 4:00,30.22 
2017/11/25 5:00,25.89 
2017/11/25 6:00,23.40 
2017/11/25 7:00,23.50 
2017/11/25 8:00,22.58 
2017/11/25 9:00,25.39 
2017/11/25 10:00,24.21 
2017/11/25 11:00,21.34 
2017/11/25 12:00,22.47 
2017/11/25 13:00,18.63 
2017/11/25 14:00,14.48 
2017/11/25 15:00,15.43 
2017/11/25 16:00,18.66 
2017/11/25 17:00,21.59 
2017/11/25 18:00,25.22 
2017/11/25 19:00,30.69 
2017/11/25 20:00,32.08 
2017/11/25 21:00,27.75 
2017/11/25 22:00,29.29 
2017/11/25 23:00,31.66 
2017/11/26 0:00,64.57 
2017/11/26 1:00,34.19 
2017/11/26 2:00,54.80 
2017/11/26 3:00,35.51 
2017/11/26 4:00,38.31 
2017/11/26 5:00,48.48 
2017/11/26 6:00,40.99 
2017/11/26 7:00,41.18 
2017/11/26 8:00,58.21 
2017/11/26 9:00,53.64 
2017/11/26 10:00,55.60 
2017/11/26 11:00,48.71 
2017/11/26 12:00,43.49 
2017/11/26 13:00,27.52 
2017/11/26 14:00,23.32 
2017/11/26 15:00,24.34 
2017/11/26 16:00,26.48 
2017/11/26 17:00,33.43 
2017/11/26 18:00,44.03 
2017/11/26 19:00,48.15 
2017/11/26 20:00,49.49 
2017/11/26 21:00,63.07 
2017/11/26 22:00,69.64 
2017/11/26 23:00,67.46 
2017/11/27 0:00,77.50 
2017/11/27 1:00,87.23 
2017/11/27 2:00,88.04 
2017/11/27 3:00,107.37 
2017/11/27 4:00,133.40 
2017/11/27 5:00,103.52 
2017/11/27 6:00,76.49 
2017/11/27 7:00,62.45 
2017/11/27 8:00,80.63 
2017/11/27 9:00,81.23 
2017/11/27 10:00,77.67 
2017/11/27 11:00,76.34 
2017/11/27 12:00,73.99 
2017/11/27 13:00,77.63 
2017/11/27 14:00,74.92 
2017/11/27 15:00,63.67 
2017/11/27 16:00,59.66 
2017/11/28 18:00,52.39 
2017/11/28 19:00,53.30 
2017/11/29 9:00,77.10 
2017/11/29 10:00,90.84 
2017/11/29 11:00,91.72 
2017/11/29 12:00,82.14 
2017/11/29 13:00,76.60 
2017/11/29 14:00,76.59 
2017/11/29 15:00,77.45 
2017/11/29 16:00,82.21 
2017/11/29 17:00,81.42 
2017/11/29 18:00,96.23 
2017/11/29 19:00,96.92 
2017/11/29 20:00,97.91 
2017/11/29 21:00,112.47 
2017/11/29 22:00,134.77 
2017/11/29 23:00,162.23 
2017/11/30 0:00,138.45 
2017/11/30 1:00,137.91 
2017/11/30 11:00,67.70 
2017/11/30 12:00,82.31 
2017/11/30 13:00,61.74 
2017/11/30 14:00,40.74 
2017/11/30 15:00,43.18 
2017/11/30 16:00,41.11 
2017/11/30 17:00,53.48 
2017/11/30 18:00,69.79 
2017/11/30 19:00,78.28 
2017/11/30 20:00,87.68 
2017/11/30 21:00,97.58 
2017/11/30 22:00,103.31 
2017/11/30 23:00,103.49 
2017/12/1 0:00,117.77 
2017/12/1 1:00,95.22 
2017/12/1 2:00,49.94 
2017/12/1 3:00,48.78 
2017/12/1 4:00,33.36 
2017/12/1 5:00,24.76 
2017/12/1 6:00,21.87 
2017/12/1 7:00,20.81 
2017/12/1 8:00,20.11 
2017/12/1 9:00,20.22 
2017/12/1 10:00,16.85 
2017/12/1 11:00,21.55 
2017/12/1 12:00,24.96 
2017/12/1 13:00,21.13 
2017/12/1 14:00,22.39 
2017/12/1 15:00,25.59 
2017/12/1 16:00,26.78 
2017/12/1 17:00,41.15 
2017/12/1 18:00,160.36 
2017/12/1 19:00,35.80 
2017/12/1 20:00,48.47 
2017/12/1 21:00,55.17 
2017/12/1 22:00,56.05 
2017/12/1 23:00,55.92 
2017/12/2 0:00,70.57 
2017/12/2 1:00,82.23 
2017/12/2 2:00,62.69 
2017/12/2 3:00,40.15 
2017/12/2 4:00,32.24 
2017/12/2 5:00,32.66 
2017/12/2 6:00,29.72 
2017/12/2 7:00,28.51 
2017/12/2 8:00,33.97 
2017/12/2 9:00,35.28 
2017/12/2 10:00,28.24 
2017/12/2 11:00,27.28 
2017/12/2 12:00,35.06 
2017/12/2 13:00,40.97 
2017/12/2 14:00,37.07 
2017/12/2 15:00,36.35 
2017/12/2 16:00,36.15 
2017/12/2 17:00,40.81 
2017/12/2 18:00,50.34 
2017/12/2 19:00,68.28 
2017/12/2 20:00,99.53 
2017/12/2 21:00,112.41 
2017/12/2 22:00,113.59 
2017/12/2 23:00,100.35 
2017/12/3 0:00,123.05 
2017/12/3 1:00,132.27 
2017/12/3 2:00,124.85 
2017/12/3 3:00,118.88 
2017/12/3 4:00,115.31 
2017/12/3 5:00,95.29 
2017/12/3 6:00,81.79 
2017/12/3 7:00,73.70 
2017/12/3 8:00,70.70 
2017/12/3 9:00,54.73 
2017/12/3 10:00,58.16 
2017/12/3 11:00,55.78 
2017/12/3 12:00,57.42 
2017/12/3 13:00,52.71 
2017/12/3 14:00,52.71 
2017/12/3 15:00,55.80 
2017/12/3 16:00,57.31 
2017/12/3 17:00,58.20 
2017/12/3 18:00,69.84 
2017/12/3 19:00,92.56 
2017/12/3 20:00,97.30 
2017/12/3 21:00,80.87 
2017/12/3 22:00,60.42 
2017/12/3 23:00,52.24 
2017/12/4 0:00,53.68 
2017/12/4 1:00,96.28 
2017/12/4 2:00,150.70 
2017/12/4 3:00,211.40 
2017/12/4 4:00,129.16 
2017/12/4 5:00,109.93 
2017/12/4 6:00,91.53 
2017/12/4 7:00,75.10 
2017/12/4 8:00,72.61 
2017/12/4 9:00,49.52 
2017/12/4 10:00,32.54 
2017/12/4 11:00,30.79 
2017/12/4 12:00,30.01 
2017/12/4 13:00,30.85 
2017/12/4 14:00,32.41 
2017/12/4 15:00,28.34 
2017/12/4 16:00,27.59 
2017/12/4 17:00,32.11 
2017/12/4 18:00,44.23 
2017/12/4 19:00,40.91 
2017/12/4 20:00,32.32 
2017/12/4 21:00,38.40 
2017/12/4 22:00,38.86 
2017/12/4 23:00,27.09 
2017/12/5 0:00,22.38 
2017/12/5 1:00,21.74 
2017/12/5 2:00,25.20 
2017/12/5 3:00,30.18 
2017/12/5 4:00,27.94 
2017/12/5 5:00,35.99 
2017/12/5 6:00,36.86 
2017/12/5 7:00,33.35 
2017/12/5 8:00,39.84 
2017/12/5 9:00,31.97 
2017/12/5 10:00,26.49 
2017/12/5 11:00,26.81 
2017/12/5 12:00,27.89 
2017/12/5 13:00,25.04 
2017/12/5 14:00,27.06 
2017/12/5 15:00,25.99 
2017/12/5 16:00,90.25 
2017/12/5 17:00,155.26 
2017/12/5 18:00,91.33 
2017/12/5 19:00,53.85 
2017/12/5 20:00,58.18 
2017/12/5 21:00,37.83 
2017/12/5 22:00,44.34 
2017/12/5 23:00,60.34 
2017/12/6 0:00,59.14 
2017/12/6 1:00,56.10 
2017/12/6 2:00,55.32 
2017/12/6 3:00,59.99 
2017/12/6 4:00,96.40 
2017/12/6 5:00,104.47 
2017/12/6 6:00,96.17 
2017/12/6 7:00,82.10 
2017/12/6 8:00,68.80 
2017/12/6 9:00,69.28 
2017/12/6 10:00,67.69 
2017/12/6 11:00,59.90 
2017/12/6 12:00,49.64 
2017/12/6 13:00,49.78 
2017/12/6 14:00,51.79 
2017/12/6 15:00,54.55 
2017/12/6 16:00,50.89 
2017/12/6 17:00,50.10 
2017/12/6 18:00,54.70 
2017/12/6 19:00,61.42 
2017/12/6 20:00,64.78 
2017/12/6 21:00,69.79 
2017/12/6 22:00,74.66 
2017/12/6 23:00,74.30 
2017/12/7 0:00,78.56 
2017/12/7 1:00,100.05 
2017/12/7 2:00,120.91 
2017/12/7 3:00,104.41 
2017/12/7 4:00,104.86 
2017/12/7 5:00,103.55 
2017/12/7 6:00,97.22 
2017/12/7 11:00,129.87 
2017/12/7 12:00,115.20 
2017/12/7 13:00,110.90 
2017/12/7 14:00,122.57 
2017/12/7 15:00,121.36 
2017/12/7 16:00,116.60 
2017/12/7 17:00,115.10 
2017/12/7 18:00,120.76 
2017/12/7 19:00,122.89 
2017/12/7 20:00,119.22 
2017/12/7 21:00,126.71 
2017/12/7 22:00,133.03 
2017/12/7 23:00,134.66 
2017/12/8 0:00,117.84 
2017/12/8 1:00,72.22 
2017/12/8 2:00,59.48 
2017/12/8 3:00,67.74 
2017/12/8 4:00,76.36 
2017/12/8 5:00,89.73 
2017/12/8 6:00,94.41 
2017/12/8 7:00,93.89 
2017/12/8 8:00,98.58 
2017/12/8 9:00,80.24 
2017/12/8 10:00,64.10 
2017/12/8 11:00,48.93 
2017/12/8 12:00,37.25 
2017/12/8 13:00,34.48 
2017/12/8 14:00,34.11 
2017/12/8 15:00,30.81 
2017/12/8 16:00,19.62 
2017/12/8 17:00,19.19 
2017/12/8 18:00,21.92 
2017/12/8 19:00,28.89 
2017/12/8 20:00,25.43 
2017/12/8 21:00,26.06 
2017/12/8 22:00,36.91 
2017/12/8 23:00,37.23 
2017/12/9 0:00,53.64 
2017/12/9 1:00,48.93 
2017/12/9 2:00,31.15 
2017/12/9 3:00,34.36 
2017/12/9 4:00,42.50 
2017/12/9 5:00,34.20 
2017/12/9 6:00,30.05 
2017/12/9 7:00,31.91 
2017/12/9 8:00,40.82 
2017/12/9 9:00,38.02 
2017/12/9 10:00,37.41 
2017/12/9 11:00,31.44 
2017/12/9 12:00,36.32 
2017/12/9 13:00,37.88 
2017/12/9 14:00,36.43 
2017/12/9 15:00,39.97 
2017/12/9 16:00,40.96 
2017/12/9 17:00,42.16 
2017/12/9 18:00,47.21 
2017/12/9 19:00,51.55 
2017/12/9 20:00,57.84 
2017/12/9 21:00,72.28 
2017/12/9 22:00,86.65 
2017/12/9 23:00,85.34 
2017/12/10 0:00,88.58 
2017/12/10 1:00,91.66 
2017/12/10 2:00,87.47 
2017/12/10 3:00,89.83 
2017/12/10 4:00,85.92 
2017/12/10 5:00,107.36 
2017/12/10 6:00,99.56 
2017/12/10 7:00,94.77 
2017/12/10 8:00,99.42 
2017/12/10 9:00,82.25 
2017/12/10 10:00,77.79 
2017/12/10 11:00,85.92 
2017/12/10 12:00,84.46 
2017/12/10 13:00,82.51 
2017/12/10 14:00,87.09 
2017/12/10 15:00,96.65 
2017/12/10 16:00,99.17 
2017/12/10 17:00,103.15 
2017/12/10 18:00,109.52 
2017/12/10 19:00,107.29 
2017/12/10 20:00,102.28 
2017/12/10 21:00,86.30 
2017/12/10 22:00,78.13 
2017/12/10 23:00,79.70 
2017/12/11 0:00,102.41 
2017/12/11 1:00,116.08 
2017/12/11 2:00,103.66 
2017/12/11 3:00,107.58 
2017/12/11 4:00,103.41 
2017/12/11 5:00,85.54860335
2017/12/11 6:00,82.13593315
2017/12/11 7:00,82.59608939
2017/12/11 8:00,86.95988858
2017/12/11 9:00,79.30335196
2017/12/11 10:00,93.44512535
2017/12/11 11:00,63.35977654
2017/12/11 12:00,58.26815642
2017/12/11 13:00,57.58718663
2017/12/11 14:00,62.08100559
2017/12/11 15:00,61.79498607
2017/12/11 16:00,67.54413408
2017/12/11 17:00,68.24902507
2017/12/11 18:00,69.83575419
2017/12/11 19:00,73.10027855
2017/12/11 20:00,78.95921788
2017/12/11 21:00,90.43064067
2017/12/11 22:00,95.07486034
2017/12/11 23:00,107.9247911
2017/12/12 0:00,101.6329609
2017/12/12 1:00,107.6357542
2017/12/12 2:00,108.0541899
2017/12/12 3:00,108.8841226
2017/12/12 4:00,99.99832402
2017/12/12 5:00,95.70837989
2017/12/12 6:00,91.46016713
2017/12/12 7:00,92.39220056
2017/12/12 8:00,89.20893855
2017/12/12 9:00,79.83910615
2017/12/12 10:00,73.82562674
2017/12/12 11:00,65.67486034
2017/12/12 12:00,56.37437326
2017/12/12 13:00,58.36201117
2017/12/12 14:00,58.33203343
2017/12/12 15:00,55.47597765
2017/12/12 16:00,45.73983287
2017/12/12 17:00,42.44972067
2017/12/12 18:00,45.98882682
2017/12/12 19:00,57.93036212
2017/12/12 20:00,67.42681564
2017/12/12 21:00,55.10696379
2017/12/12 22:00,49.60614525
2017/12/12 23:00,48.64413408
2017/12/13 0:00,54.8729805
2017/12/13 1:00,65.91764706
2017/12/13 2:00,50.87966574
2017/12/13 3:00,41.96089385
2017/12/13 4:00,32.06740947
2017/12/13 5:00,30.43240223
2017/12/13 6:00,33.20612813
2017/12/13 7:00,36.33351955
2017/12/13 8:00,35.86963788
2017/12/13 9:00,29.22402235
2017/12/13 10:00,34.13816156
2017/12/13 11:00,37.48324022
2017/12/13 12:00,40.02284123
2017/12/13 13:00,36.01284916
2017/12/13 14:00,28.39387187
2017/12/13 15:00,31.45307263
2017/12/13 16:00,42.00389972
2017/12/13 17:00,33.5592233
2017/12/14 11:00,25.24652568
2017/12/14 12:00,24.87150838
2017/12/14 13:00,21.08969359
2017/12/14 14:00,20.62562674
2017/12/14 15:00,14.1637883
2017/12/14 16:00,13.4189415
2017/12/14 17:00,13.70362117
2017/12/14 18:00,14.5810585
2017/12/14 19:00,15.97486034
2017/12/14 20:00,15.03732591
2017/12/14 21:00,15.63398329
2017/12/14 22:00,22.53259053
2017/12/14 23:00,27.65977654
2017/12/15 0:00,23.10584958
2017/12/15 1:00,24.76201117
2017/12/15 2:00,24.49608939
2017/12/15 3:00,25.50807799
2017/12/15 4:00,30.54651811
2017/12/15 5:00,28.9086351
2017/12/15 6:00,21.57094972
2017/12/15 7:00,20.92186047
2017/12/15 8:00,14.77777778
2017/12/15 11:00,13.804
2017/12/18 9:00,53.84705882
2017/12/18 10:00,45.66424581
2017/12/18 11:00,44.81949861
2017/12/18 12:00,39.35208914
2017/12/18 13:00,36.63008357
2017/12/18 14:00,36.92402235
2017/12/18 15:00,33.27632312
2017/12/18 16:00,35.18379888
2017/12/18 17:00,58.87799443
2017/12/18 18:00,73.27576602
2017/12/18 19:00,86.88994413
2017/12/18 20:00,100.632312
2017/12/18 21:00,68.85348189
2017/12/18 22:00,60.11810585
2017/12/18 23:00,66.80502793
2017/12/19 0:00,68.11643454
2017/12/19 1:00,125.9765363
2017/12/19 2:00,71.50558659
2017/12/19 3:00,65.3632312
2017/12/19 4:00,44.11564246
2017/12/19 5:00,42.4849162
2017/12/19 6:00,52.0729805
2017/12/19 7:00,53.81615599
2017/12/19 8:00,58.8273743
2017/12/19 9:00,50.31420613
2017/12/19 10:00,37.43631285
2017/12/19 11:00,33.68579387
2017/12/19 12:00,46.7122905
2017/12/19 13:00,34.9454039
2017/12/19 14:00,29.17318436
2017/12/19 15:00,27.94930362
2017/12/19 16:00,30.01615599
2017/12/19 17:00,31.99273743
2017/12/19 18:00,45.90362117
2017/12/19 19:00,69.454039
2017/12/19 20:00,74.29749304
2017/12/19 21:00,57.01284916
2017/12/19 22:00,56.43286908
2017/12/19 23:00,60.18044693
2017/12/20 0:00,67.93314763
2017/12/20 1:00,81.05530726
2017/12/20 2:00,98.01559889
2017/12/20 3:00,95.23910615
2017/12/20 4:00,127.6417827
2017/12/20 5:00,120.4818942
2017/12/20 6:00,97.41731844
2017/12/20 7:00,89.1632312
2017/12/20 8:00,65.65571031
2017/12/20 9:00,49.40670391
2017/12/20 10:00,31.29526462
2017/12/20 11:00,26.1632312
2017/12/20 12:00,27.47597765
2017/12/20 13:00,25.62506964
2017/12/20 14:00,24.33426184
2017/12/20 15:00,20.31364903
2017/12/20 16:00,21.06256983
2017/12/20 17:00,27.84011142
2017/12/20 18:00,46.38379888
2017/12/20 19:00,54.82228412
2017/12/20 20:00,72.12534819
2017/12/20 21:00,98.61005587
2017/12/20 22:00,111.7387187
2017/12/20 23:00,90.19665738
2017/12/21 0:00,89.92849162
2017/12/21 1:00,123.6340782
2017/12/21 2:00,139.5281337
2017/12/21 3:00,97.25307263
2017/12/21 4:00,102.508078
2017/12/21 5:00,110.3270195
2017/12/21 6:00,102.3916201
2017/12/21 7:00,84.09359331
2017/12/21 8:00,70.02346369
2017/12/21 9:00,66.28746518
2017/12/21 10:00,65.41392758
2017/12/21 11:00,41.41340782
2017/12/21 12:00,29.68077994
2017/12/21 13:00,27.94134078
2017/12/21 14:00,28.29247911
2017/12/21 15:00,30.66740947
2017/12/21 16:00,33.60391061
2017/12/21 17:00,34.81671309
2017/12/21 18:00,37.07653631
2017/12/21 19:00,47.22562674
2017/12/21 20:00,74.98774373
2017/12/21 21:00,53.21955307
2017/12/21 22:00,60.35598886
2017/12/21 23:00,65.45195531
2017/12/22 0:00,66.73593315
2017/12/22 1:00,70.31372549
2017/12/22 2:00,64.29832402
2017/12/22 3:00,69.82841226
2017/12/22 4:00,68.67799443
2017/12/22 5:00,82.68994413
2017/12/22 6:00,106.1810056
2017/12/22 7:00,94.66963788
2017/12/22 8:00,83.74581006
2017/12/22 9:00,81.13760446
2017/12/22 10:00,78.75586592
2017/12/22 11:00,82.48690808
2017/12/22 12:00,76.82793296
2017/12/22 13:00,77.49916435
2017/12/22 14:00,62.87877095
2017/12/22 15:00,51.73760446
2017/12/22 16:00,55.41340782
2017/12/22 17:00,50.47799443
2017/12/22 18:00,53.13518519
2017/12/22 19:00,66.91142061
2017/12/22 20:00,78.65738162
2017/12/22 21:00,75.61955307
2017/12/22 22:00,89.44791086
2017/12/22 23:00,85.09972145
2017/12/23 0:00,83.18885794
2017/12/23 1:00,91.94636872
2017/12/23 2:00,105.0350975
2017/12/23 3:00,91.50306407
2017/12/23 4:00,81.92924791
2017/12/23 5:00,86.87039106
2017/12/23 6:00,137.4729805
2017/12/23 7:00,127.7509749
2017/12/23 8:00,103.873743
2017/12/23 9:00,93.48022284
2017/12/23 10:00,117.4635097
2017/12/23 11:00,114.0395543
2017/12/23 12:00,97.47988827
2017/12/23 13:00,90.17715877
2017/12/23 14:00,96.12033426
2017/12/23 15:00,85.14581006
2017/12/23 16:00,90.57103064
2017/12/23 17:00,81.70306407
2017/12/23 18:00,70.40462428
2017/12/25 16:00,43.1961165
2017/12/25 17:00,51.27988827
2017/12/25 18:00,63.80334262
2017/12/25 19:00,81.76155989
2017/12/25 20:00,112.1715877
2017/12/25 21:00,104.1069638
2017/12/25 22:00,99.34150418
2017/12/25 23:00,97.08100559
2017/12/26 0:00,97.57103064
2017/12/26 1:00,103.6823529
2017/12/26 2:00,107.7649025
2017/12/26 3:00,117.0368715
2017/12/26 4:00,137.3052925
2017/12/26 5:00,228.8648045
2017/12/26 6:00,179.718663
2017/12/26 7:00,187.173743
2017/12/26 8:00,191.8662953
2017/12/26 9:00,128.8117318
2017/12/26 10:00,119.2924791
2017/12/26 11:00,198.6240223
2017/12/26 12:00,84.35877437
2017/12/26 13:00,73.78272981
2017/12/26 14:00,68.8698324
2017/12/26 15:00,64.73927577
2017/12/26 16:00,56.9632312
2017/12/26 17:00,63.60223464
2017/12/26 18:00,307.3019499
2017/12/26 19:00,108.3147632
2017/12/26 20:00,112.237883
2017/12/26 21:00,127.1340782
2017/12/26 22:00,133.0155989
2017/12/26 23:00,127.6222841
2017/12/27 0:00,122.5877437
2017/12/27 1:00,140.2862745
2017/12/27 2:00,143.6501393
2017/12/27 3:00,140.9905292
2017/12/27 4:00,147.2815642
2017/12/27 5:00,129.6696379
2017/12/27 6:00,95.71620112
2017/12/27 7:00,82.11253482
2017/12/27 8:00,83.85530726
2017/12/27 9:00,101.6072423
2017/12/27 10:00,107.2494382
2017/12/27 11:00,77.10167598
2017/12/27 12:00,70.54986072
2017/12/27 13:00,62.96480447
2017/12/27 14:00,50.74317549
2017/12/27 15:00,52.13147632
2017/12/27 16:00,54.78379888
2017/12/27 17:00,55.34094708
2017/12/27 18:00,40.0603352
2017/12/27 19:00,38.67743733
2017/12/27 20:00,38.21452514
2017/12/27 21:00,40.53760446
2017/12/27 22:00,36.4547486
2017/12/27 23:00,33.65865922
2017/12/28 0:00,34.82451253
2017/12/28 1:00,46.12156863
2017/12/28 2:00,41.86350975
2017/12/28 3:00,29.12625698
2017/12/28 4:00,29.90696379
2017/12/28 5:00,37.33072626
2017/12/28 6:00,45.25236769
2017/12/28 7:00,23.26573816
2017/12/28 8:00,25.96648045
2017/12/28 9:00,39.45738162
2017/12/28 10:00,51.91309192
2017/12/28 11:00,49.70782123
2017/12/28 12:00,36.53259053
2017/12/28 13:00,48.83231198
2017/12/28 14:00,55.80446927
2017/12/28 15:00,59.39275766
2017/12/28 16:00,65.85069638
2017/12/28 17:00,74.10614525
2017/12/28 18:00,64.05292479
2017/12/28 19:00,59.45125348
2017/12/28 20:00,79.85865922
2017/12/28 21:00,75.58830084
2017/12/28 22:00,61.25292479
2017/12/28 23:00,68.61955307
2017/12/29 0:00,66.19777159
2017/12/29 1:00,62.1254902
2017/12/29 2:00,60.82785515
2017/12/29 3:00,57.41169916
2017/12/29 4:00,58.13910615
2017/12/29 5:00,67.53927577
2017/12/29 6:00,70.82674095
2017/12/29 7:00,80.93871866
2017/12/29 8:00,74.69664804
2017/12/29 9:00,91.24568245
2017/12/29 10:00,85.48579387
2017/12/29 11:00,82.79944134
2017/12/29 12:00,70.84623955
2017/12/29 13:00,63.11731844
2017/12/29 14:00,59.58384401
2017/12/29 15:00,62.84357542
2017/12/29 16:00,69.31754875
2017/12/29 17:00,86.52234637
2017/12/29 18:00,130.7342618
2017/12/29 19:00,87.11675978
2017/12/29 20:00,81.69916435
2017/12/29 21:00,74.67576602
2017/12/29 22:00,80.88324022
2017/12/29 23:00,97.68412256
2017/12/30 0:00,98.9150838
2017/12/30 1:00,105.5083799
2017/12/30 2:00,76.83231198
2017/12/30 3:00,47.56089385
2017/12/30 4:00,28.96713092
2017/12/30 5:00,38.78272981
2017/12/30 6:00,33.68212291
2017/12/30 7:00,32.745961
2017/12/30 8:00,31.51754875
2017/12/30 9:00,26.40446927
2017/12/30 10:00,27.54373259
2017/12/30 11:00,13.90640669
2017/12/30 12:00,14.93593315
2017/12/30 13:00,9.67877095
2017/12/30 14:00,6.937604457
2017/12/30 15:00,9.04735376
2017/12/30 16:00,10.41396648
2017/12/30 17:00,14.26518106
2017/12/30 18:00,11.44636872
2017/12/30 19:00,4.878551532
2017/12/30 20:00,9.232960894
2017/12/30 21:00,16.68690808
2017/12/30 22:00,21.44972067
2017/12/30 23:00,23.68268156
2017/12/31 0:00,27.83184358
2017/12/31 1:00,29.76759777
2017/12/31 2:00,33.55307263
2017/12/31 3:00,40.81117318
2017/12/31 4:00,44.38662953
2017/12/31 5:00,52.5273743
2017/12/31 6:00,47.34651811
2017/12/31 7:00,44.8
2017/12/31 8:00,41.96490251
2017/12/31 9:00,39.89608939
2017/12/31 10:00,36.18941504
2017/12/31 11:00,31.40223464
2017/12/31 12:00,27.86312849
2017/12/31 13:00,29.08412256
2017/12/31 14:00,28.67653631
2017/12/31 15:00,33.19052925
2017/12/31 16:00,33.24413408
2017/12/31 17:00,35.30417827
2017/12/31 18:00,38.2575419
2017/12/31 19:00,41.38774373
2017/12/31 20:00,48.80055866
2017/12/31 21:00,53.4183844
2017/12/31 22:00,58.19554318
2017/12/31 23:00,61.22067039
2018/1/1 0:00,58.37493036
2018/1/1 1:00,62.5372549
2018/1/1 2:00,60.37158774
2018/1/1 3:00,59.58603352
2018/1/1 4:00,66.01058496
2018/1/1 5:00,75.29888268
2018/1/1 6:00,66.13147632
2018/1/1 7:00,64.64636872
2018/1/1 8:00,68.77938719
2018/1/1 9:00,70.2698324
2018/1/1 10:00,83.53983287
2018/1/1 11:00,79.36088561
2018/1/2 11:00,131.7909091
2018/1/2 12:00,135.6050139
2018/1/2 13:00,138.3855153
2018/1/2 14:00,146.3877437
2018/1/2 15:00,148.6307263
2018/1/2 16:00,148.4467967
2018/1/2 17:00,148.4623955
2018/1/2 18:00,148.5052925
2018/1/2 19:00,145.9197772
2018/1/2 20:00,138.326257
2018/1/2 21:00,126.5069638
2018/1/2 22:00,118.5189944
2018/1/2 23:00,110.7364903
2018/1/3 0:00,107.8273743
2018/1/3 1:00,101.2067039
2018/1/3 2:00,107.9368715
2018/1/3 3:00,111.1693593
2018/1/3 4:00,105.0977654
2018/1/3 5:00,119.951532
2018/1/3 6:00,149.2446927
2018/1/3 7:00,147.1013928
2018/1/3 8:00,144.1921788
2018/1/3 9:00,133.4016713
2018/1/3 10:00,99.8027933
2018/1/3 11:00,60.48467967
2018/1/3 12:00,50.92011173
2018/1/3 13:00,32.43008357
2018/1/3 14:00,47.00334262
2018/1/3 15:00,60.21955307
2018/1/3 16:00,57.65738162
2018/1/3 17:00,44.50670391
2018/1/3 18:00,50.02952646
2018/1/3 19:00,55.3273743
2018/1/3 20:00,64.00612813
2018/1/3 21:00,82.10726257
2018/1/3 22:00,73.11977716
2018/1/3 23:00,68.11117318
2018/1/4 0:00,65.23454039
2018/1/4 1:00,70.38431373
2018/1/4 2:00,69.52423398
2018/1/4 3:00,71.56815642
2018/1/4 4:00,73.53314763
2018/1/4 5:00,73.25236769
2018/1/4 6:00,84.39106145
2018/1/4 7:00,84.62785515
2018/1/4 8:00,74.39553073
2018/1/4 9:00,81.07520891
2018/1/4 10:00,96.12290503
2018/1/4 11:00,87.73593315
2018/1/4 12:00,85.8027933
2018/1/4 13:00,88.87075209
2018/1/4 14:00,89.63119777
2018/1/4 15:00,92.50558659
2018/1/4 16:00,85.06852368
2018/1/4 17:00,80.08077994
2018/1/4 18:00,64.09106145
2018/1/4 19:00,57.54428969
2018/1/4 20:00,49.43407821
2018/1/4 21:00,52.47075209
2018/1/4 22:00,50.70893855
2018/1/4 23:00,42.93983287
2018/1/5 0:00,34.74972067
2018/1/5 1:00,34.61675978
2018/1/5 2:00,33.31452514
2018/1/5 3:00,38.31866295
2018/1/5 4:00,40.79553073
2018/1/5 5:00,49.45626741
2018/1/5 6:00,56.56703911
2018/1/5 7:00,58.53481894
2018/1/5 8:00,61.6273743
2018/1/5 9:00,61.65083799
2018/1/5 10:00,65.76880223
2018/1/5 11:00,74.65363128
2018/1/5 12:00,67.16100279
2018/1/5 13:00,57.20837989
2018/1/5 14:00,51.29162011
2018/1/5 15:00,48.96490251
2018/1/5 16:00,40.45530726
2018/1/5 17:00,27.86740947
2018/1/5 18:00,21.05083799
2018/1/5 19:00,21.51866295
2018/1/5 20:00,42.32458101
2018/1/5 21:00,42.92033426
2018/1/5 22:00,38.71899441
2018/1/5 23:00,38.84122563
2018/1/6 0:00,46.8452514
2018/1/6 1:00,36.92793296
2018/1/6 2:00,33.79553073
2018/1/6 3:00,31.79832869
2018/1/6 4:00,40.17765363
2018/1/6 5:00,43.42729805
2018/1/6 6:00,47.75988858
2018/1/6 7:00,53.00111421
2018/1/6 8:00,61.86201117
2018/1/6 9:00,39.25849582
2018/1/6 10:00,28.4367688
2018/1/6 11:00,20.80055866
2018/1/6 12:00,18.59387187
2018/1/6 13:00,15.77932961
2018/1/6 14:00,16.0005571
2018/1/6 15:00,20.31955307
2018/1/6 16:00,26.81058496
2018/1/6 17:00,33.74038997
2018/1/6 18:00,40.72513966
2018/1/6 19:00,68.4362117
2018/1/6 20:00,67.04401114
2018/1/6 21:00,63.20335196
2018/1/6 22:00,59.7281337
2018/1/6 23:00,59.31866295
2018/1/7 0:00,54.84178273
2018/1/7 1:00,47.61568627
2018/1/7 2:00,54.40891365
2018/1/7 3:00,61.08523677
2018/1/7 4:00,63.59665738
2018/1/7 5:00,60.07486034
2018/1/7 6:00,56.84233983
2018/1/7 7:00,63.95810056
2018/1/7 8:00,67.15710306
2018/1/7 9:00,56.83687151
2018/1/7 10:00,46.34428969
2018/1/7 11:00,39.55977654
2018/1/7 12:00,37.42952646
2018/1/7 13:00,46.66016713
2018/1/7 14:00,46.98212291
2018/1/7 15:00,42.4367688
2018/1/7 16:00,42.53184358
2018/1/7 17:00,32.07130919
2018/1/7 18:00,32.70055866
2018/1/7 19:00,32.81225627
2018/1/7 20:00,37.47932961
2018/1/7 21:00,28.49916435
2018/1/7 22:00,31.0150838
2018/1/7 23:00,24.4452514
2018/1/8 0:00,15.91476323
2018/1/8 1:00,12.5726257
2018/1/8 2:00,13.86703911
2018/1/8 3:00,14.12089136
2018/1/8 4:00,17.60167598
2018/1/8 5:00,20.84401114
2018/1/8 6:00,33.90502793
2018/1/8 7:00,39.53537604
2018/1/8 8:00,27.10446927
2018/1/8 9:00,32.51587744
2018/1/8 10:00,23.29162011
2018/1/8 11:00,27.77381616
2018/1/8 12:00,8.197214485
2018/1/8 13:00,3.093296089
2018/1/8 14:00,3.062011173
2018/1/8 15:00,3.451253482
2018/1/8 16:00,5.001675978
2018/1/8 17:00,6.562011173
2018/1/8 18:00,7.347075209
2018/1/8 19:00,6.366480447
2018/1/8 20:00,5.646927374
2018/1/8 21:00,6.206145251
2018/1/8 22:00,8.528690808
2018/1/8 23:00,12.83072626
2018/1/9 0:00,15.97486034
2018/1/9 1:00,15.70196078
2018/1/9 2:00,15.71284916
2018/1/9 3:00,16.59273743
2018/1/9 4:00,22.16927374
2018/1/9 5:00,16.94469274
2018/1/9 6:00,15.59162011
2018/1/9 7:00,21.04301676
2018/1/9 8:00,21.89553073
2018/1/9 9:00,24.53128492
2018/1/9 10:00,26.07206704
2018/1/9 11:00,32.76312849
2018/1/9 12:00,34.92569832
2018/1/9 13:00,34.4189415
2018/1/9 14:00,36.93575419
2018/1/9 15:00,35.47318436
2018/1/9 16:00,40.55698324
2018/1/9 17:00,34.01337047
2018/1/9 18:00,36.6150838
2018/1/9 19:00,40.96759777
2018/1/9 20:00,39.4729805
2018/1/9 21:00,39.30167598
2018/1/9 22:00,41.00670391
2018/1/9 23:00,37.79217877
2018/1/10 0:00,42.7273743
2018/1/10 1:00,42.56312849
2018/1/10 2:00,48.18659218
2018/1/10 3:00,67.06312849
2018/1/10 4:00,65.62793296
2018/1/10 5:00,51.88579387
2018/1/10 6:00,50.27094972
2018/1/10 7:00,39.28994413
2018/1/10 8:00,45.3396648
2018/1/10 9:00,50.14189944
2018/1/10 10:00,46.32479109
2018/1/10 11:00,39.59396985
2018/1/1 1:00,62.5372549
2018/1/1 2:00,60.37158774
2018/1/1 3:00,59.58603352
2018/1/1 4:00,66.01058496
2018/1/1 5:00,75.29888268
2018/1/1 6:00,66.13147632
2018/1/1 7:00,64.64636872
2018/1/1 8:00,68.77938719
2018/1/1 9:00,70.2698324
2018/1/1 10:00,83.53983287
2018/1/1 11:00,79.36088561
2018/1/2 11:00,131.7909091
2018/1/2 12:00,135.6050139
2018/1/2 13:00,138.3855153
2018/1/2 14:00,146.3877437
2018/1/2 15:00,148.6307263
2018/1/2 16:00,148.4467967
2018/1/2 17:00,148.4623955
2018/1/2 18:00,148.5052925
2018/1/2 19:00,145.9197772
2018/1/2 20:00,138.326257
2018/1/2 21:00,126.5069638
2018/1/2 22:00,118.5189944
2018/1/2 23:00,110.7364903
2018/1/3 0:00,107.8273743
2018/1/3 1:00,101.2067039
2018/1/3 2:00,107.9368715
2018/1/3 3:00,111.1693593
2018/1/3 4:00,105.0977654
2018/1/3 5:00,119.951532
2018/1/3 6:00,149.2446927
2018/1/3 7:00,147.1013928
2018/1/3 8:00,144.1921788
2018/1/3 9:00,133.4016713
2018/1/3 10:00,99.8027933
2018/1/3 11:00,60.48467967
2018/1/3 12:00,50.92011173
2018/1/3 13:00,32.43008357
2018/1/3 14:00,47.00334262
2018/1/3 15:00,60.21955307
2018/1/3 16:00,57.65738162
2018/1/3 17:00,44.50670391
2018/1/3 18:00,50.02952646
2018/1/3 19:00,55.3273743
2018/1/3 20:00,64.00612813
2018/1/3 21:00,82.10726257
2018/1/3 22:00,73.11977716
2018/1/3 23:00,68.11117318
2018/1/4 0:00,65.23454039
2018/1/4 1:00,70.38431373
2018/1/4 2:00,69.52423398
2018/1/4 3:00,71.56815642
2018/1/4 4:00,73.53314763
2018/1/4 5:00,73.25236769
2018/1/4 6:00,84.39106145
2018/1/4 7:00,84.62785515
2018/1/4 8:00,74.39553073
2018/1/4 9:00,81.07520891
2018/1/4 10:00,96.12290503
2018/1/4 11:00,87.73593315
2018/1/4 12:00,85.8027933
2018/1/4 13:00,88.87075209
2018/1/4 14:00,89.63119777
2018/1/4 15:00,92.50558659
2018/1/4 16:00,85.06852368
2018/1/4 17:00,80.08077994
2018/1/4 18:00,64.09106145
2018/1/4 19:00,57.54428969
2018/1/4 20:00,49.43407821
2018/1/4 21:00,52.47075209
2018/1/4 22:00,50.70893855
2018/1/4 23:00,42.93983287
2018/1/5 0:00,34.74972067
2018/1/5 1:00,34.61675978
2018/1/5 2:00,33.31452514
2018/1/5 3:00,38.31866295
2018/1/5 4:00,40.79553073
2018/1/5 5:00,49.45626741
2018/1/5 6:00,56.56703911
2018/1/5 7:00,58.53481894
2018/1/5 8:00,61.6273743
2018/1/5 9:00,61.65083799
2018/1/5 10:00,65.76880223
2018/1/5 11:00,74.65363128
2018/1/5 12:00,67.16100279
2018/1/5 13:00,57.20837989
2018/1/5 14:00,51.29162011
2018/1/5 15:00,48.96490251
2018/1/5 16:00,40.45530726
2018/1/5 17:00,27.86740947
2018/1/5 18:00,21.05083799
2018/1/5 19:00,21.51866295
2018/1/5 20:00,42.32458101
2018/1/5 21:00,42.92033426
2018/1/5 22:00,38.71899441
2018/1/5 23:00,38.84122563
2018/1/6 0:00,46.8452514
2018/1/6 1:00,36.92793296
2018/1/6 2:00,33.79553073
2018/1/6 3:00,31.79832869
2018/1/6 4:00,40.17765363
2018/1/6 5:00,43.42729805
2018/1/6 6:00,47.75988858
2018/1/6 7:00,53.00111421
2018/1/6 8:00,61.86201117
2018/1/6 9:00,39.25849582
2018/1/6 10:00,28.4367688
2018/1/6 11:00,20.80055866
2018/1/6 12:00,18.59387187
2018/1/6 13:00,15.77932961
2018/1/6 14:00,16.0005571
2018/1/6 15:00,20.31955307
2018/1/6 16:00,26.81058496
2018/1/6 17:00,33.74038997
2018/1/6 18:00,40.72513966
2018/1/6 19:00,68.4362117
2018/1/6 20:00,67.04401114
2018/1/6 21:00,63.20335196
2018/1/6 22:00,59.7281337
2018/1/6 23:00,59.31866295
2018/1/7 0:00,54.84178273
2018/1/7 1:00,47.61568627
2018/1/7 2:00,54.40891365
2018/1/7 3:00,61.08523677
2018/1/7 4:00,63.59665738
2018/1/7 5:00,60.07486034
2018/1/7 6:00,56.84233983
2018/1/7 7:00,63.95810056
2018/1/7 8:00,67.15710306
2018/1/7 9:00,56.83687151
2018/1/7 10:00,46.34428969
2018/1/7 11:00,39.55977654
2018/1/7 12:00,37.42952646
2018/1/7 13:00,46.66016713
2018/1/7 14:00,46.98212291
2018/1/7 15:00,42.4367688
2018/1/7 16:00,42.53184358
2018/1/7 17:00,32.07130919
2018/1/7 18:00,32.70055866
2018/1/7 19:00,32.81225627
2018/1/7 20:00,37.47932961
2018/1/7 21:00,28.49916435
2018/1/7 22:00,31.0150838
2018/1/7 23:00,24.4452514
2018/1/8 0:00,15.91476323
2018/1/8 1:00,12.5726257
2018/1/8 2:00,13.86703911
2018/1/8 3:00,14.12089136
2018/1/8 4:00,17.60167598
2018/1/8 5:00,20.84401114
2018/1/8 6:00,33.90502793
2018/1/8 7:00,39.53537604
2018/1/8 8:00,27.10446927
2018/1/8 9:00,32.51587744
2018/1/8 10:00,23.29162011
2018/1/8 11:00,27.77381616
2018/1/8 12:00,8.197214485
2018/1/8 13:00,3.093296089
2018/1/8 14:00,3.062011173
2018/1/8 15:00,3.451253482
2018/1/8 16:00,5.001675978
2018/1/8 17:00,6.562011173
2018/1/8 18:00,7.347075209
2018/1/8 19:00,6.366480447
2018/1/8 20:00,5.646927374
2018/1/8 21:00,6.206145251
2018/1/8 22:00,8.528690808
2018/1/8 23:00,12.83072626
2018/1/9 0:00,15.97486034
2018/1/9 1:00,15.70196078
2018/1/9 2:00,15.71284916
2018/1/9 3:00,16.59273743
2018/1/9 4:00,22.16927374
2018/1/9 5:00,16.94469274
2018/1/9 6:00,15.59162011
2018/1/9 7:00,21.04301676
2018/1/9 8:00,21.89553073
2018/1/9 9:00,24.53128492
2018/1/9 10:00,26.07206704
2018/1/9 11:00,32.76312849
2018/1/9 12:00,34.92569832
2018/1/9 13:00,34.4189415
2018/1/9 14:00,36.93575419
2018/1/9 15:00,35.47318436
2018/1/9 16:00,40.55698324
2018/1/9 17:00,34.01337047
2018/1/9 18:00,36.6150838
2018/1/9 19:00,40.96759777
2018/1/9 20:00,39.4729805
2018/1/9 21:00,39.30167598
2018/1/9 22:00,41.00670391
2018/1/9 23:00,37.79217877
2018/1/10 0:00,42.7273743
2018/1/10 1:00,42.56312849
2018/1/10 2:00,48.18659218
2018/1/10 3:00,67.06312849
2018/1/10 4:00,65.62793296
2018/1/10 5:00,51.88579387
2018/1/10 6:00,50.27094972
2018/1/10 7:00,39.28994413
2018/1/10 8:00,45.3396648
2018/1/10 9:00,50.14189944
2018/1/10 10:00,46.32479109
2018/1/10 11:00,35.68435754
2018/1/10 12:00,29.36480447
2018/1/10 13:00,26.16713092
2018/1/10 14:00,23.71005587
2018/1/10 15:00,23.92513966
2018/1/10 16:00,23.81949861
2018/1/10 17:00,26.36145251
2018/1/10 18:00,39.72793296
2018/1/10 19:00,51.19390244
2018/1/11 14:00,14.33793103
2018/1/16 13:00,86.75238095
2018/1/16 14:00,84.4718663
2018/1/16 15:00,83.97270195
2018/1/16 16:00,88.62116992
2018/1/16 17:00,102.1061453
2018/1/16 18:00,119.3977716
2018/1/16 19:00,119.5303621
2018/1/16 20:00,115.6212291
2018/1/16 21:00,106.0334262
2018/1/16 22:00,104.356546
2018/1/16 23:00,121.7022346
2018/1/17 0:00,126.3236769
2018/1/17 1:00,129.1882353
2018/1/17 2:00,156.1799443
2018/1/17 3:00,158.5558659
2018/1/17 4:00,155.3532033
2018/1/17 5:00,166.2363128
2018/1/17 6:00,151.3290503
2018/1/17 7:00,143.0456825
2018/1/17 8:00,141.4662953
2018/1/17 9:00,144.2195531
2018/1/17 10:00,148.1075209
2018/1/17 11:00,128.2955307
2018/1/17 12:00,131.0150418
2018/1/17 13:00,133.3119777
2018/1/17 14:00,120.4117318
2018/1/17 15:00,88.83175487
2018/1/17 16:00,78.14261838
2018/1/17 17:00,65.26424581
2018/1/17 18:00,64.0178273
2018/1/17 19:00,61.2178273
2018/1/17 20:00,61.72089136
2018/1/17 21:00,61.81058496
2018/1/17 22:00,62.76145251
2018/1/17 23:00,63.63955432
2018/1/18 0:00,73.82952646
2018/1/18 1:00,79.72960894
2018/1/18 2:00,88.37206704
2018/1/18 3:00,101.8139276
2018/1/18 4:00,165.34039
2018/1/18 5:00,169.7480447
2018/1/18 6:00,192.7398329
2018/1/18 7:00,149.2955307
2018/1/18 8:00,132.1303621
2018/1/18 9:00,88.3603352
2018/1/18 10:00,79.28523677
2018/1/18 11:00,63.73704735
2018/1/18 12:00,60.62625698
2018/1/18 13:00,50.53259053
2018/1/18 14:00,53.10250696
2018/1/18 15:00,55.82011173
2018/1/18 16:00,50.945961
2018/1/18 17:00,46.78495822
2018/1/18 18:00,64.45865922
2018/1/18 19:00,50.82116992
2018/1/18 20:00,49.98662953
2018/1/18 21:00,69.1810585
2018/1/18 22:00,94.21061453
2018/1/18 23:00,79.43732591
2018/1/19 0:00,60.06740947
2018/1/19 1:00,59.56078431
2018/1/19 2:00,67.44568245
2018/1/19 3:00,89.7637883
2018/1/19 4:00,93.78044693
2018/1/19 5:00,80.75543175
2018/1/19 6:00,68.7091922
2018/1/19 7:00,80.42785515
2018/1/19 8:00,82.82681564
2018/1/19 9:00,66.07688022
2018/1/19 10:00,85.6183844
2018/1/19 11:00,72.07653631
2018/1/19 12:00,62.31364903
2018/1/19 13:00,46.17660167
2018/1/19 14:00,38.2027933
2018/1/19 15:00,42.46796657
2018/1/19 16:00,42.07409471
2018/1/19 17:00,45.59554318
2018/1/19 18:00,267.998324
2018/1/19 19:00,71.27910864
2018/1/19 20:00,367.0066852
2018/1/19 21:00,61.7091922
2018/1/19 22:00,59.85977654
2018/1/19 23:00,252.4328691
2018/1/20 0:00,264.2949721
2018/1/20 1:00,203.7156425
2018/1/20 2:00,193.6406685
2018/1/20 3:00,87.80111732
2018/1/20 4:00,73.25626741
2018/1/20 5:00,74.12178771
2018/1/20 6:00,165.3052925
2018/1/20 7:00,85.10670391
2018/1/20 8:00,120.6222841
2018/1/20 9:00,126.4367688
2018/1/20 10:00,130.3871866
2018/1/20 11:00,112.0899441
2018/1/20 12:00,117.6740947
2018/1/20 13:00,102.6523677
2018/1/20 14:00,149.9949861
2018/1/20 15:00,120.7519553
2018/1/20 16:00,114.4451253
2018/1/20 17:00,79.07855153
2018/1/20 18:00,62.58272981
2018/1/20 19:00,79.67520891
2018/1/20 20:00,116.1687151
2018/1/20 21:00,72.51922006
2018/1/20 22:00,61.61169916
2018/1/20 23:00,66.30837989
2018/1/21 0:00,70.42506964
2018/1/21 1:00,75.72122905
2018/1/21 2:00,89.15543175
2018/1/21 3:00,114.5536313
2018/1/21 4:00,105.3041783
2018/1/21 5:00,114.4480447
2018/1/21 6:00,133.2261838
2018/1/21 7:00,116.5197772
2018/1/21 8:00,123.9
2018/1/21 9:00,126.616156
2018/1/21 10:00,135.1117318
2018/1/21 11:00,130.3364903
2018/1/21 12:00,103.2763231
2018/1/21 13:00,100.3659218
2018/1/21 14:00,109.3052925
2018/1/21 15:00,107.6401114
2018/1/21 16:00,105.6608939
2018/1/21 17:00,103.1905292
2018/1/21 18:00,103.7169916
2018/1/21 19:00,111.8592179
2018/1/21 20:00,88.37548747
2018/1/21 21:00,49.30807799
2018/1/21 22:00,57.98659218
2018/1/21 23:00,38.71643454
2018/1/22 0:00,42.41337047
2018/1/22 1:00,60.7122905
2018/1/22 2:00,55.94916201
2018/1/22 3:00,67.28579387
2018/1/22 4:00,81.11420613
2018/1/22 5:00,86.47541899
2018/1/22 6:00,80.52924791
2018/1/22 7:00,85.59498607
2018/1/22 8:00,87.81392758
2018/1/22 9:00,84.04692737
2018/1/22 10:00,81.66796657
2018/1/22 11:00,80.21337047
2018/1/22 12:00,86.30083565
2018/1/22 13:00,75.75988858
2018/1/22 14:00,68.00167598
2018/1/22 15:00,68.46350975
2018/1/22 16:00,64.05292479
2018/1/22 17:00,55.76145251
2018/1/22 18:00,67.02841226
2018/1/22 19:00,61.36211699
2018/1/22 20:00,70.77821229
2018/1/22 21:00,81.74357542
2018/1/22 22:00,89.57270195
2018/1/22 23:00,78.80557103
2018/1/23 0:00,72.16648045
2018/1/23 1:00,58.29553073
2018/1/23 2:00,69.52033426
2018/1/23 3:00,101.6798883
2018/1/23 4:00,86.99108635
2018/1/23 5:00,90.92569832
2018/1/23 6:00,84.13259053
2018/1/23 7:00,89.20502793
2018/1/23 8:00,94.70083565
2018/1/23 9:00,77.56703911
2018/1/23 10:00,69.39554318
2018/1/23 11:00,60.93519553
2018/1/23 12:00,96.83788301
2018/1/23 13:00,33.96267409
2018/1/23 14:00,45.01117318
2018/1/23 15:00,44.81949861
2018/1/23 16:00,43.37660167
2018/1/23 17:00,41.56201117
2018/1/23 18:00,43.40779944
2018/1/23 19:00,59.80893855
2018/1/23 20:00,64.69637883
2018/1/23 21:00,78.73537604
2018/1/23 22:00,71.1027933
2018/1/23 23:00,73.31476323
2018/1/24 0:00,76.56592179
2018/1/24 1:00,88.89217877
2018/1/24 2:00,88.52067039
2018/1/24 3:00,87.43175487
2018/1/24 4:00,88.04401114
2018/1/24 5:00,76.88300836
2018/1/24 6:00,72.89359331
2018/1/24 7:00,97.73798883
2018/1/24 8:00,97.19275766
2018/1/24 9:00,74.53147632
2018/1/24 10:00,58.17039106
2018/1/24 11:00,48.07576602
2018/1/24 12:00,48.98435754
2018/1/24 13:00,46.00111421
2018/1/24 14:00,42.17988827
2018/1/24 15:00,36.11532033
2018/1/24 16:00,35.2972067
2018/1/24 17:00,47.41281337
2018/1/24 18:00,51.32681564
2018/1/24 19:00,53.2273743
2018/1/24 20:00,54.44791086
2018/1/24 21:00,47.34972067
2018/1/24 22:00,46.10250696
2018/1/24 23:00,42.97765363
2018/1/25 0:00,39.3877095
2018/1/25 1:00,39.61452514
2018/1/25 2:00,39.11396648
2018/1/25 3:00,43.26350975
2018/1/25 4:00,39.81225627
2018/1/25 5:00,35.78212291
2018/1/25 6:00,38.47855153
2018/1/25 7:00,48.37604457
2018/1/25 8:00,45.82067039
2018/1/25 9:00,39.96824513
2018/1/25 10:00,42.90083565
2018/1/25 11:00,39.29749304
2018/1/25 12:00,41.65117845
2018/1/28 0:00,30.03225806
2018/1/28 6:00,4.41875
2018/1/29 15:00,22.91086351
2018/1/29 16:00,26.86592179
2018/1/29 17:00,20.145961
2018/1/29 18:00,25.98774373
2018/1/29 19:00,28.9972067
2018/1/29 20:00,28.99832869
2018/1/29 21:00,28.67075209
2018/1/29 22:00,25.99385475
2018/1/29 23:00,30.05125348
2018/1/30 0:00,34.98440111
2018/1/30 1:00,34.77709497
2018/1/30 2:00,36.36089385
2018/1/30 3:00,39.9097493
2018/1/30 4:00,35.7994429
2018/1/30 5:00,37.32290503
2018/1/30 6:00,40.50614525
2018/1/30 7:00,46.23509749
2018/1/30 8:00,50.26703911
2018/1/30 9:00,45.1821727
2018/1/30 10:00,48.72234637
2018/1/30 11:00,50.98495822
2018/1/30 12:00,51.51061453
2018/1/30 13:00,55.10306407
2018/1/30 14:00,55.92960894
2018/1/30 15:00,62.12402235
2018/1/30 16:00,63.17938719
2018/1/30 17:00,83.53463687
2018/1/30 18:00,56.33147632
2018/1/30 19:00,57.80167131
2018/1/30 20:00,57.52905028
2018/1/30 21:00,61.90417827
2018/1/30 22:00,67.04011142
2018/1/30 23:00,75.25977654
2018/1/31 0:00,80.77765363
2018/1/31 1:00,77.69608939
2018/1/31 2:00,72.78826816
2018/1/31 3:00,75.74469274
2018/1/31 4:00,70.30027855
2018/1/31 5:00,66.9301676
2018/1/31 6:00,56.02346369
2018/1/31 7:00,50.95376045
2018/1/31 8:00,56.34413408
2018/1/31 9:00,59.64078212
2018/1/31 10:00,74.66406685
2018/1/31 11:00,76.94916201
2018/1/31 12:00,71.69329609
2018/1/31 13:00,61.79888579
2018/1/31 14:00,54.94022346
2018/1/31 15:00,46.02011173
2018/1/31 16:00,49.89303621
2018/1/31 17:00,47.23631285
2018/1/31 18:00,50.14972067
2018/1/31 19:00,48.16155989
2018/1/31 20:00,44.80391061
2018/1/31 21:00,44.92479109
2018/1/31 22:00,48.06145251
2018/1/31 23:00,58.6908078
2018/2/1 0:00,75.58044693
2018/2/1 1:00,60.50111732
2018/2/1 2:00,52.21061453
2018/2/1 3:00,64.74413408
2018/2/1 4:00,78.07632312
2018/2/1 5:00,77.4027933
2018/2/1 6:00,68.46740947
2018/2/1 7:00,67.07094972
2018/2/1 8:00,68.93631285
2018/2/1 9:00,60.59387187
2018/2/1 10:00,53.12960894
2018/2/1 11:00,47.91675978
2018/2/1 12:00,51.19164345
2018/2/1 13:00,50.05977654
2018/2/1 14:00,49.46796657
2018/2/1 15:00,48.454039
2018/2/1 16:00,51.1273743
2018/2/1 17:00,61.13203343
2018/2/1 18:00,61.35393939
2018/2/2 18:00,42.3254902
2018/2/2 19:00,56.36267409
2018/2/2 20:00,59.04636872
2018/2/2 21:00,53.8356546
2018/2/2 22:00,57.8913649
2018/2/2 23:00,41.85530726
2018/2/3 0:00,69.37214485
2018/2/3 1:00,78.38823529
2018/2/3 2:00,90.39554318
2018/2/3 3:00,72.30335196
2018/2/3 4:00,51.29303621
2018/2/3 5:00,51.89776536
2018/2/3 6:00,48.33910615
2018/2/3 7:00,47.40501393
2018/2/3 8:00,69.64413408
2018/2/3 9:00,52.17047354
2018/2/3 10:00,41.73798883
2018/2/3 11:00,37.33463687
2018/2/3 12:00,37.09805014
2018/2/3 13:00,34.45642458
2018/2/3 14:00,37.13704735
2018/2/3 15:00,37.01005587
2018/2/3 16:00,38.86852368
2018/2/3 17:00,40.61955307
2018/2/3 18:00,43.24401114
2018/2/3 19:00,58.68268156
2018/2/3 20:00,62.71532033
2018/2/3 21:00,67.20782123
2018/2/3 22:00,62.61002786
2018/2/3 23:00,47.31843575
2018/2/4 0:00,40.22849162
2018/2/4 1:00,46.68882682
2018/2/4 2:00,47.84636872
2018/2/4 3:00,62.88300836
2018/2/4 4:00,55.61284916
2018/2/4 5:00,48.46963788
2018/2/4 6:00,47.13072626
2018/2/4 7:00,48.41340782
2018/2/4 8:00,48.41114206
2018/2/4 9:00,46.39944134
2018/2/4 10:00,46.81396648
2018/2/4 11:00,47.89247911
2018/2/4 12:00,46.75139665
2018/2/4 13:00,47.99387187
2018/2/4 14:00,47.94413408
2018/2/4 15:00,47.65865922
2018/2/4 16:00,45.84902507
2018/2/4 17:00,46.32122905
2018/2/4 18:00,46.27409471
2018/2/4 19:00,57.48994413
2018/2/4 20:00,62.08882682
2018/2/4 21:00,54.95487465
2018/2/4 22:00,62.48379888
2018/2/4 23:00,54.42841226
2018/2/5 0:00,57.54078212
2018/2/5 1:00,51.67843137
2018/2/5 2:00,47.30752089
2018/2/5 3:00,37.48715084
2018/2/5 4:00,36.26312849
2018/2/5 5:00,36.52479109
2018/2/5 6:00,37.16256983
2018/2/5 7:00,38.55264624
2018/2/5 8:00,40.92458101
2018/2/5 9:00,39.89217877
2018/2/5 10:00,59.5273743
2018/2/5 11:00,64.85363128
2018/2/5 12:00,46.22729805
2018/2/5 13:00,35.55921788
2018/2/5 14:00,31.99273743
2018/2/5 15:00,40.64692737
2018/2/5 16:00,44.72200557
2018/2/5 17:00,45.44916201
2018/2/5 18:00,61.25586592
2018/2/5 19:00,58.74930362
2018/2/5 20:00,62.37821229
2018/2/5 21:00,68.38100559
2018/2/5 22:00,89.85738162
2018/2/5 23:00,99.49776536
2018/2/6 0:00,64.29050279
2018/2/6 1:00,49.40784314
2018/2/6 2:00,39.24692737
2018/2/6 3:00,41.20835655
2018/2/6 4:00,42.64134078
2018/2/6 5:00,51.07653631
2018/2/6 6:00,56.72346369
2018/2/6 7:00,61.40055866
2018/2/6 8:00,57.87576602
2018/2/6 9:00,48.98435754
2018/2/6 10:00,38.94972067
2018/2/6 11:00,35.10558659
2018/2/6 12:00,36.73927577
2018/2/6 13:00,36.64568245
2018/2/6 14:00,37.76480447
2018/2/6 15:00,34.91787709
2018/2/6 16:00,38.06518106
2018/2/6 17:00,58.1273743
2018/2/6 18:00,48.13184358
2018/2/6 19:00,45.5
2018/2/6 20:00,48.71532033
2018/2/6 21:00,54.90111732
2018/2/6 22:00,67.58715084
2018/2/6 23:00,60.32089136
2018/2/7 0:00,37.27597765
2018/2/7 1:00,36.81960784
2018/2/7 2:00,36.49359331
2018/2/7 3:00,37.38938547
2018/2/7 4:00,47.86592179
2018/2/7 5:00,49.69608939
2018/2/7 6:00,59.27966574
2018/2/7 7:00,56.93072626
2018/2/7 8:00,52.46089385
2018/2/7 9:00,52.68379888
2018/2/7 10:00,85.86927374
2018/2/7 11:00,61.20111732
2018/2/7 12:00,57.84066852
2018/2/7 13:00,54.25977654
2018/2/7 14:00,52.2301676
2018/2/7 15:00,49.14038997
2018/2/7 16:00,46.93128492
2018/2/7 17:00,46.9
2018/2/7 18:00,51.06089385
2018/2/7 19:00,55.81281337
2018/2/7 20:00,69.66368715
2018/2/7 21:00,69.40167598
2018/2/7 22:00,72.95208914
2018/2/7 23:00,53.32905028
2018/2/8 0:00,49.15642458
2018/2/8 1:00,53.84134078
2018/2/8 2:00,53.62625698
2018/2/8 3:00,63.0547486
2018/2/8 4:00,52.04958217
2018/2/8 5:00,57.19273743
2018/2/8 6:00,58.06871508
2018/2/8 7:00,47.51030641
2018/2/8 8:00,49.85251397
2018/2/8 9:00,42.37541899
2018/2/8 10:00,34.82793296
2018/2/8 11:00,37.03529412
2018/2/8 12:00,47.66648045
2018/2/8 13:00,46.12178771
2018/2/8 14:00,48.42284123
2018/2/8 15:00,51.52625698
2018/2/8 16:00,49.20668524
2018/2/8 17:00,53.08659218
2018/2/8 18:00,60.74986072
2018/2/8 19:00,69.30782123
2018/2/8 20:00,77.19888579
2018/2/8 21:00,89.1972067
2018/2/8 22:00,77.87743733
2018/2/8 23:00,80.66424581
2018/2/9 0:00,85.47799443
2018/2/9 1:00,57.32941176
2018/2/9 2:00,57.60278552
2018/2/9 3:00,79.54581006
2018/2/9 4:00,104.0289694
2018/2/9 5:00,84.27765363
2018/2/9 6:00,92.68077994
2018/2/9 7:00,89.76815642
2018/2/9 8:00,95.63407821
2018/2/9 9:00,105.0389972
2018/2/9 10:00,167.9022346
2018/2/9 11:00,87.86462396
2018/2/9 12:00,82.40055866
2018/2/9 13:00,83.25125348
2018/2/9 14:00,77.90335196
2018/2/9 15:00,78.26740947
2018/2/9 16:00,87.82067039
2018/2/9 17:00,83.4735376
2018/2/9 18:00,81.75139665
2018/2/9 19:00,90.06016713
2018/2/9 20:00,91.70391061
2018/2/9 21:00,63.06629526
2018/2/9 22:00,60.02011173
2018/2/9 23:00,67.82005571
2018/2/10 0:00,72.90167598
2018/2/10 1:00,70.20726257
2018/2/10 2:00,68.29888268
2018/2/10 3:00,67.98994413
2018/2/10 4:00,72.0356546
2018/2/10 5:00,69.5972067
2018/2/10 6:00,72.85069638
2018/2/10 7:00,70.75865922
2018/2/10 8:00,86.05905292
2018/2/10 9:00,125.3078212
2018/2/10 10:00,150.751532
2018/2/10 11:00,174.1905028
2018/2/10 12:00,195.9493036
2018/2/10 13:00,177.6044693
2018/2/10 14:00,147.8228412
2018/2/10 15:00,150.9184358
2018/2/10 16:00,170.9910864
2018/2/10 17:00,163.8547486
2018/2/10 18:00,167.4891365
2018/2/10 19:00,144.5899721
2018/2/10 20:00,51.97206704
2018/2/10 21:00,34.75821727
2018/2/10 22:00,23.34636872
2018/2/10 23:00,25.92924791
2018/2/11 0:00,27.13184358
2018/2/11 1:00,33.33407821
2018/2/11 2:00,32.34469274
2018/2/11 3:00,39.09470752
2018/2/11 4:00,45.20670391
2018/2/11 5:00,45.2575419
2018/2/11 6:00,48.53593315
2018/2/11 7:00,47.77988827
2018/2/11 8:00,42.08969359
2018/2/11 9:00,42.67653631
2018/2/11 10:00,42.73128492
2018/2/11 11:00,49.03509749
2018/2/11 12:00,50.43128492
2018/2/11 13:00,57.38050139
2018/2/11 14:00,61.17765363
2018/2/11 15:00,65.51452514
2018/2/11 16:00,64.82506964
2018/2/11 17:00,70.84078212
2018/2/11 18:00,74.2547486
2018/2/11 19:00,68.48690808
2018/2/11 20:00,68.61173184
2018/2/11 21:00,73.68913649
2018/2/11 22:00,79.6122905
2018/2/11 23:00,78.65418994
2018/2/12 0:00,72.33983287
2018/2/12 1:00,70.77254902
2018/2/12 2:00,72.88603352
2018/2/12 3:00,76.21005587
2018/2/12 4:00,76.65292479
2018/2/12 5:00,80.48435754
2018/2/12 6:00,78.34916201
2018/2/12 7:00,78.12311978
2018/2/12 8:00,75.51396648
2018/2/12 9:00,81.24679666
2018/2/12 10:00,86.72569832
2018/2/12 11:00,98.0273743
2018/2/12 12:00,84.38715084
2018/2/12 13:00,80.70083565
2018/2/12 14:00,79.97206704
2018/2/12 15:00,78.89664804
2018/2/12 16:00,78.18551532
2018/2/12 17:00,84.21117318
2018/2/12 18:00,92.01284916
2018/2/12 19:00,86.40612813
2018/2/12 20:00,99.21620112
2018/2/12 21:00,105.6746518
2018/2/12 22:00,117.1307263
2018/2/12 23:00,115.1392758
2018/2/13 0:00,108.7815642
2018/2/13 1:00,105.3050279
2018/2/13 2:00,103.9558659
2018/2/13 3:00,104.5476323
2018/2/13 4:00,99.57597765
2018/2/13 5:00,96.52200557
2018/2/13 6:00,91.50446927
2018/2/13 7:00,85.91866295
2018/2/13 8:00,90.60111732
2018/2/13 9:00,90.35654596
2018/2/13 10:00,95.46908078
2018/2/13 11:00,101.1949721
2018/2/13 12:00,104.832312
2018/2/13 13:00,101.010585
2018/2/13 14:00,94.38659218
2018/2/13 15:00,95.12590529
2018/2/13 16:00,93.34636872
2018/2/13 17:00,94.75543175
2018/2/13 18:00,103.2324022
2018/2/13 19:00,125.4579387
2018/2/13 20:00,146.8435754
2018/2/13 21:00,175.3636872
2018/2/13 22:00,173.1866295
2018/2/13 23:00,187.1111732
2018/2/14 0:00,176.6924791
2018/2/14 1:00,148.5681564
2018/2/14 2:00,116.1335196
2018/2/14 3:00,95.41058496
2018/2/14 4:00,98.55921788
2018/2/14 5:00,98.98156425
2018/2/14 6:00,96.45181058
2018/2/14 7:00,113.0910615
2018/2/14 8:00,101.6994413
2018/2/14 9:00,100.702507
2018/2/14 10:00,106.6424581
2018/2/14 11:00,116.6289694
2018/2/14 12:00,114.4871508
2018/2/14 13:00,111.1420613
2018/2/14 14:00,92.27877095
2018/2/14 15:00,77.34707521
2018/2/14 16:00,63.59441341
2018/2/14 17:00,61.90807799
2018/2/14 18:00,67.58324022
2018/2/14 19:00,71.18941504
2018/2/14 20:00,79.48022284
2018/2/14 21:00,79.15865922
2018/2/14 22:00,79.97938719
2018/2/14 23:00,78.1849162
2018/2/15 0:00,73.24456825
2018/2/15 1:00,73.80784314
2018/2/15 2:00,72.78050139
2018/2/15 3:00,74.61754386
2018/2/21 15:00,14.6
2018/2/21 16:00,13.58662953
2018/2/21 17:00,17.15195531
2018/2/21 18:00,17.08857939
2018/2/21 19:00,18.42618384
2018/2/21 20:00,21.65698324
2018/2/21 21:00,21.92681564
2018/2/21 22:00,18.16880223
2018/2/21 23:00,16.76871508
2018/2/22 0:00,18.05961003
2018/2/22 1:00,21.95686275
2018/2/22 2:00,34.8908078
2018/2/22 3:00,59.5
2018/2/22 4:00,56.02346369
2018/2/22 5:00,48.89470752
2018/2/22 6:00,53.52849162
2018/2/22 7:00,54.74038997
2018/2/22 8:00,65.90167598
2018/2/22 9:00,62.96871508
2018/2/22 10:00,62.67632312
2018/2/22 11:00,56.61787709
2018/2/22 12:00,32.08659218
2018/2/22 13:00,12.7603352
2018/2/22 14:00,9.717877095
2018/2/22 15:00,5.525905292
2018/2/22 16:00,9.377653631
2018/2/22 17:00,7.277653631
2018/2/22 18:00,7.152513966
2018/2/22 19:00,8.040223464
2018/2/22 20:00,8.051955307
2018/2/22 21:00,9.244692737
2018/2/22 22:00,11.48938547
2018/2/22 23:00,13.47843137
2018/2/23 0:00,12.96368715
2018/2/23 1:00,13.55686275
2018/2/23 2:00,13.50726257
2018/2/23 3:00,14.35195531
2018/2/23 4:00,13.29608939
2018/2/23 5:00,12.94413408
2018/2/23 6:00,11.02745098
2018/2/23 7:00,12.54930362
2018/2/23 8:00,13.65882353
2018/2/23 9:00,12.34581006
2018/2/23 10:00,14.89162011
2018/2/23 11:00,16.81564246
2018/2/23 12:00,16.34636872
2018/2/23 13:00,16.10194986
2018/2/23 14:00,16.25251397
2018/2/23 15:00,23.88603352
2018/2/23 16:00,23.48324022
2018/2/23 17:00,33.49441341
2018/2/23 18:00,37.44902507
2018/2/23 19:00,41.30391061
2018/2/23 20:00,45.37094972
2018/2/23 21:00,50.97877095
2018/2/23 22:00,51.17039106
2018/2/23 23:00,52.28100559
2018/2/24 0:00,58.60837989
2018/2/24 1:00,55.03137255
2018/2/24 2:00,53.68882682
2018/2/24 3:00,49.9424581
2018/2/24 4:00,45.58994413
2018/2/24 5:00,43.07150838
2018/2/24 6:00,44.71810585
2018/2/24 7:00,56.09776536
2018/2/24 8:00,46.14134078
2018/2/24 9:00,65.1547486
2018/2/24 10:00,78.46256983
2018/2/24 11:00,86.63184358
2018/2/24 12:00,93.11173184
2018/2/24 13:00,95.88635097
2018/2/24 14:00,111.1826816
2018/2/24 15:00,129.0072626
2018/2/24 16:00,137.352514
2018/2/24 17:00,146.5424581
2018/2/24 18:00,152.0759777
2018/2/24 19:00,150.9972145
2018/2/24 20:00,144.1374302
2018/2/24 21:00,155.673743
2018/2/24 22:00,176.7675978
2018/2/24 23:00,190.8497207
2018/2/25 0:00,184.2094972
2018/2/25 1:00,149.6162011
2018/2/25 2:00,156.526257
2018/2/25 3:00,159.3614525
2018/2/25 4:00,135.7374302
2018/2/25 5:00,124.4357542
2018/2/25 6:00,107.303352
2018/2/25 7:00,106.4273743
2018/2/25 8:00,112.4340782
2018/2/25 9:00,75.46740947
2018/2/25 10:00,60.08659218
2018/2/25 11:00,52.51173184
2018/2/25 12:00,48.82451253
2018/2/25 13:00,42.25418994
2018/2/25 14:00,26.3575419
2018/2/25 15:00,15.88882682
2018/2/25 16:00,9.254038997
2018/2/25 17:00,11.0122905
2018/2/25 18:00,16.36592179
2018/2/25 19:00,28.04692737
2018/2/25 20:00,27.59442897
2018/2/25 21:00,29.52513966
2018/2/25 22:00,30.35418994
2018/2/25 23:00,31.99664804
2018/2/26 0:00,36.77827298
2018/2/26 1:00,42.21568627
2018/2/26 2:00,39.86480447
2018/2/26 3:00,40.0877095
2018/2/26 4:00,39.15698324
2018/2/26 5:00,36.6183844
2018/2/26 6:00,38.98882682
2018/2/26 7:00,48.7575419
2018/2/26 8:00,60.29776536
2018/2/26 9:00,36.05682451
2018/2/26 10:00,38.75810056
2018/2/26 11:00,38.9027933
2018/2/26 12:00,44.81955307
2018/2/26 13:00,55.78100559
2018/2/26 14:00,62.00947075
2018/2/26 15:00,64.40782123
2018/2/26 16:00,69.79273743
2018/2/26 17:00,74.64972067
2018/2/26 18:00,73.21452514
2018/2/26 19:00,77.37047354
2018/2/26 20:00,67.77877095
2018/2/26 21:00,55.28044693
2018/2/26 22:00,60.32089136
2018/2/26 23:00,60.65363128
2018/2/27 0:00,59.26927374
2018/2/27 1:00,60.93333333
2018/2/27 2:00,62.71142061
2018/2/27 3:00,53.05139665
2018/2/27 4:00,54.46703911
2018/2/27 5:00,53.72256267
2018/2/27 6:00,48.90614525
2018/2/27 7:00,51.04916201
2018/2/27 8:00,59.84022346
2018/2/27 9:00,73.40835655
2018/2/27 10:00,90.61675978
2018/2/27 11:00,111.3821229
2018/2/27 12:00,101.6735376
2018/2/27 13:00,66.34357542
2018/2/27 14:00,50.14972067
2018/2/27 15:00,45.345961
2018/2/27 16:00,40.04469274
2018/2/27 17:00,33.95877437
2018/2/27 18:00,34.58547486
2018/2/27 19:00,37.28523677
2018/2/27 20:00,44.28379888
2018/2/27 21:00,41.36256983
2018/2/27 22:00,39.08300836
2018/2/27 23:00,32.67318436
2018/2/28 0:00,34.51117318
2018/2/28 1:00,40.33407821
2018/2/28 2:00,44.22122905
2018/2/28 3:00,57.19664804
2018/2/28 4:00,44.52311978
2018/2/28 5:00,33.67430168
2018/2/28 6:00,31.98100559
2018/2/28 7:00,33.73259053
2018/2/28 8:00,54.54916201
2018/2/28 9:00,56.78212291
2018/2/28 10:00,54.42841226
2018/2/28 11:00,59.46089385
2018/2/28 12:00,54.0189415
2018/2/28 13:00,53.52067039
2018/2/28 14:00,49.1091922
2018/2/28 15:00,50.82625698
2018/2/28 16:00,52.79052925
2018/2/28 17:00,57.20446927
2018/2/28 18:00,62.63631285
2018/2/28 19:00,48.75041783
2018/2/28 20:00,32.70837989
2018/2/28 21:00,25.27799443
2018/2/28 22:00,21.26201117
2018/2/28 23:00,28.68435754
2018/3/1 0:00,43.91086351
2018/3/1 1:00,42.08627451
2018/3/1 2:00,38.20167131
2018/3/1 3:00,36.99832402
2018/3/1 4:00,37.49888268
2018/3/1 5:00,44.62841226
2018/3/1 6:00,57.01284916
2018/3/1 7:00,54.19832869
2018/3/1 8:00,45.73072626
2018/3/1 9:00,49.1637883
2018/3/1 10:00,54.55307263
2018/3/1 11:00,48.50473538
2018/3/1 12:00,44.16256983
2018/3/1 13:00,39.68356546
2018/3/1 14:00,33.3027933
2018/3/1 15:00,20.95320334
2018/3/1 16:00,18.55195531
2018/3/1 17:00,17.89192201
2018/3/1 18:00,18.10614525
2018/3/1 19:00,31.98941504
2018/3/1 20:00,39.08659218
2018/3/1 21:00,35.57715877
2018/3/1 22:00,29.03240223
2018/3/1 23:00,35.38715084
2018/3/2 0:00,34.00167131
2018/3/2 1:00,32.1254902
2018/3/2 2:00,27.30584958
2018/3/2 3:00,31.60558659
2018/3/2 4:00,24.61504178
2018/3/2 5:00,21.01564246
2018/3/2 6:00,25.70055866
2018/3/2 7:00,19.89247911
2018/3/2 8:00,21.50446927
2018/3/2 9:00,20.16935933
2018/3/2 10:00,25.84345404
2018/3/2 11:00,39.61452514
2018/3/2 12:00,41.92960894
2018/3/2 13:00,35.01559889
2018/3/2 14:00,33.43575419
2018/3/2 15:00,30.8
2018/3/2 16:00,32.49637883
2018/3/2 17:00,26.72513966
2018/3/2 18:00,31.08857939
2018/3/2 19:00,33.74860335
2018/3/2 20:00,38.27576602
2018/3/2 21:00,38.73854749
2018/3/2 22:00,31.27966574
2018/3/2 23:00,30.38547486
2018/3/3 0:00,32.1726257
2018/3/3 1:00,29.76759777
2018/3/3 2:00,23.71787709
2018/3/3 3:00,21.71564246
2018/3/3 4:00,25.63286908
2018/3/3 5:00,21.38324022
2018/3/3 6:00,18.78268156
2018/3/3 7:00,15.60668524
2018/3/3 8:00,16.14692737
2018/3/3 9:00,18.22876712
2018/3/5 12:00,34.34545455
2018/3/5 13:00,38.60334262
2018/3/5 14:00,39.67576602
2018/3/5 15:00,40.74428969
2018/3/5 16:00,39.77325905
2018/3/5 17:00,34.85181058
2018/3/5 18:00,35.36368715
2018/3/5 19:00,42.2183844
2018/3/5 20:00,36.77437326
2018/3/5 21:00,32.16100279
2018/3/5 22:00,27.2005571
2018/3/5 23:00,28.47318436
2018/3/6 0:00,22.20891365
2018/3/6 1:00,27.65977654
2018/3/6 2:00,41.37214485
2018/3/6 3:00,49.95810056
2018/3/6 4:00,28.47576602
2018/3/6 5:00,22.20501393
2018/3/6 6:00,26.95097493
2018/3/6 7:00,30.8547486
2018/3/6 8:00,29.41949861
2018/3/6 9:00,26.57660167
2018/3/6 10:00,19.56100279
2018/3/6 11:00,22.66908078
2018/3/6 12:00,21.28547486
2018/3/6 13:00,20.27075209
2018/3/6 14:00,20.77318436
2018/3/6 15:00,25.99554318
2018/3/6 16:00,27.25125348
2018/3/6 17:00,25.88635097
2018/3/6 18:00,27.91005587
2018/3/6 19:00,32.54317549
2018/3/6 20:00,37.84289694
2018/3/6 21:00,33.73687151
2018/3/6 22:00,32.85125348
2018/3/6 23:00,33.1281337
2018/3/7 0:00,36.75877437
2018/3/7 1:00,37.0452514
2018/3/7 2:00,44.40222841
2018/3/7 3:00,40.05793872
2018/3/7 4:00,34.59442897
2018/3/7 5:00,42.86963788
2018/3/7 6:00,28.44846797
2018/3/7 7:00,32.77325905
2018/3/7 8:00,37.55363128
2018/3/7 9:00,38.34986072
2018/3/7 10:00,35.90083565
2018/3/7 11:00,31.23286908
2018/3/7 12:00,31.42569832
2018/3/7 13:00,28.51476323
2018/3/7 14:00,26.05793872
2018/3/7 15:00,31.56044568
2018/3/7 16:00,27.43844011
2018/3/7 17:00,28.07821229
2018/3/7 18:00,28.16768802
2018/3/7 19:00,28.97883008
2018/3/7 20:00,30.00614525
2018/3/7 21:00,30.91699164
2018/3/7 22:00,26.80668524
2018/3/7 23:00,35.1091922
2018/3/8 0:00,23.76880223
2018/3/8 1:00,6.8
2018/3/8 2:00,4.73816156
2018/3/8 3:00,6.42122905
2018/3/8 4:00,7.300278552
2018/3/8 5:00,8.407799443
2018/3/8 6:00,12.70167598
2018/3/8 7:00,11.84345404
2018/3/8 8:00,11.10250696
2018/3/8 9:00,11.75921788
2018/3/8 10:00,11.92144847
2018/3/8 11:00,12.02122905
2018/3/8 12:00,11.22729805
2018/3/8 13:00,10.0972067
2018/3/8 14:00,10.25236769
2018/3/8 15:00,10.94581006
2018/3/8 16:00,10.99721448
2018/3/8 17:00,11.58997214
2018/3/8 18:00,17.11675978
2018/3/8 19:00,15.19721448
2018/3/8 20:00,19.17103064
2018/3/8 21:00,20.3
2018/3/8 22:00,18.91364903
2018/3/8 23:00,15.99275766
2018/3/9 0:00,12.08133705
2018/3/9 1:00,13.96089385
2018/3/9 2:00,14.55530726
2018/3/9 3:00,16.97938719
2018/3/9 4:00,19.59220056
2018/3/9 5:00,34.13575419
2018/3/9 6:00,45.9575419
2018/3/9 7:00,34.0913649
2018/3/9 8:00,20.78882682
2018/3/9 9:00,13.99220056
2018/3/9 10:00,18.34038997
2018/3/9 11:00,15.34134078
2018/3/9 12:00,16.36713092
2018/3/9 13:00,16.49582173
2018/3/9 14:00,17.36703911
2018/3/9 15:00,18.73816156
2018/3/9 16:00,20.2551532
2018/3/9 17:00,23.62451253
2018/3/9 18:00,25.35251397
2018/3/9 19:00,40.83398329
2018/3/9 20:00,56.08579387
2018/3/9 21:00,35.99329609
2018/3/9 22:00,34.10306407
2018/3/9 23:00,29.31810585
2018/3/10 0:00,30.99162011
2018/3/10 1:00,29.22793296
2018/3/10 2:00,31.72290503
2018/3/10 3:00,34.34094708
2018/3/10 4:00,33.20222841
2018/3/10 5:00,34.08882682
2018/3/10 6:00,64.93816156
2018/3/10 7:00,74.83351955
2018/3/10 8:00,56.58495822
2018/3/10 9:00,59.62905028
2018/3/10 10:00,30.38662953
2018/3/10 11:00,33.37709497
2018/3/10 12:00,31.32256267
2018/3/10 13:00,28.03910615
2018/3/10 14:00,28.33147632
2018/3/10 15:00,30.33593315
2018/3/10 16:00,24.58994413
2018/3/10 17:00,22.8913649
2018/3/10 18:00,23.23844011
2018/3/10 19:00,25.47765363
2018/3/10 20:00,29.68077994
2018/3/10 21:00,36.41955307
2018/3/10 22:00,39.26239554
2018/3/10 23:00,43.15041783
2018/3/11 0:00,42.53184358
2018/3/11 1:00,45.93407821
2018/3/11 2:00,47.37709497
2018/3/11 3:00,47.11643454
2018/3/11 4:00,45.84413408
2018/3/11 5:00,47.02674095
2018/3/11 6:00,75.84636872
2018/3/11 7:00,79.6362117
2018/3/11 8:00,70.81731844
2018/3/11 9:00,70.2183844
2018/3/11 10:00,78.7275766
2018/3/11 11:00,65.88603352
2018/3/11 12:00,63.08969359
2018/3/11 13:00,65.00835655
2018/3/11 14:00,58.74150418
2018/3/11 15:00,56.96592179
2018/3/11 16:00,47.73649025
2018/3/11 17:00,49.50306407
2018/3/11 18:00,33.53760446
2018/3/11 19:00,34.44623955
2018/3/11 20:00,35.59050279
2018/3/11 21:00,38.91142061
2018/3/11 22:00,46.83955432
2018/3/11 23:00,48.10055866
2018/3/12 0:00,47.1281337
2018/3/12 1:00,46.36815642
2018/3/12 2:00,44.7726257
2018/3/12 3:00,43.26350975
2018/3/12 4:00,44.76089385
2018/3/12 5:00,43.25571031
2018/3/12 6:00,42.53816156
2018/3/12 7:00,60.72793296
2018/3/12 8:00,59.61504178
2018/3/12 9:00,58.20949721
2018/3/12 10:00,79.4724234
2018/3/12 11:00,79.14874652
2018/3/12 12:00,85.42729805
2018/3/12 13:00,88.21955307
2018/3/12 14:00,90.57103064
2018/3/12 15:00,96.98607242
2018/3/12 16:00,102.2078212
2018/3/12 17:00,114.6050139
2018/3/12 18:00,60.95264624
2018/3/12 19:00,55.45793872
2018/3/12 20:00,67.15698324
2018/3/12 21:00,70.86725664
2018/3/19 9:00,52.08717949
2018/3/19 10:00,52.06518106
2018/3/19 11:00,46.8902507
2018/3/19 12:00,46.31309192
2018/3/19 13:00,43.86016713
2018/3/19 14:00,46.80445682
2018/3/19 15:00,46.21169916
2018/3/19 16:00,35.92423398
2018/3/19 17:00,36.09972145
2018/3/19 18:00,44.87430168
2018/3/19 19:00,48.08356546
2018/3/19 20:00,45.20167131
2018/3/19 21:00,38.25626741
2018/3/19 22:00,35.36657382
2018/3/19 23:00,37.6362117
2018/3/20 0:00,35.14818942
2018/3/20 1:00,16.77653631
2018/3/20 2:00,17.49217877
2018/3/20 3:00,21.66295265
2018/3/20 4:00,19.97827298
2018/3/20 5:00,14.01173184
2018/3/20 6:00,16.86629526
2018/3/20 7:00,19.17493036
2018/3/20 8:00,17.40614525
2018/3/20 9:00,16.64011142
2018/3/20 10:00,17.57994429
2018/3/20 11:00,17.46685237
2018/3/20 12:00,20.01727019
2018/3/20 13:00,21.99832869
2018/3/20 14:00,20.10837989
2018/3/20 15:00,16.97548747
2018/3/20 16:00,21.95543175
2018/3/20 17:00,25.90194986
2018/3/20 18:00,38.26536313
2018/3/20 19:00,39.91364903
2018/3/20 20:00,28.85793872
2018/3/20 21:00,24.59164345
2018/3/20 22:00,20.25125348
2018/3/20 23:00,21.03119777
2018/3/21 0:00,19.75208914
2018/3/21 1:00,21.23463687
2018/3/21 2:00,21.68826816
2018/3/21 3:00,24.25236769
2018/3/21 4:00,25.21169916
2018/3/21 5:00,27.78551532
2018/3/21 6:00,41.3643454
2018/3/21 7:00,39.88435754
2018/3/21 8:00,23.48802228
2018/3/21 9:00,22.5637883
2018/3/21 10:00,25.25849582
2018/3/21 11:00,29.59108635
2018/3/21 12:00,30.29162011
2018/3/21 13:00,25.7264624
2018/3/21 14:00,24.75933148
2018/3/21 15:00,25.33802817
2018/3/26 22:00,49.53803922
2018/3/26 23:00,50.79387187
2018/3/27 0:00,51.17430168
2018/3/27 1:00,50.05977654
2018/3/27 2:00,52.93481894
2018/3/27 3:00,47.15418994
2018/3/27 4:00,46.11833333
2018/3/27 5:00,53.55977654
2018/3/27 6:00,59.04958217
2018/3/27 7:00,57.00612813
2018/3/27 8:00,52.8178273
2018/3/27 9:00,47.04233983
2018/3/27 10:00,47.78718663
2018/3/27 11:00,42.29637883
2018/3/27 12:00,39.23119777
2018/3/27 13:00,44.2735376
2018/3/27 14:00,40.83788301
2018/3/27 15:00,36.65348189
2018/3/27 16:00,29.41169916
2018/3/27 17:00,30.28133705
2018/3/27 18:00,31.88802228
2018/3/27 19:00,36.31030641
2018/3/27 20:00,44.48022284
2018/3/27 21:00,55.3097493
2018/3/27 22:00,61.63509749
2018/3/27 23:00,56.42896936
2018/3/28 0:00,56.10139276
2018/3/28 1:00,53.13351955
2018/3/28 2:00,51.0356546
2018/3/28 3:00,47.50640669
2018/3/28 4:00,53.95654596
2018/3/28 5:00,53.9273743
2018/3/28 6:00,53.97994429
2018/3/28 7:00,47.41281337
2018/3/28 8:00,46.9097493
2018/3/28 9:00,42.854039
2018/3/28 10:00,46.05571031
2018/3/28 11:00,36.89916435
2018/3/28 12:00,30.07465181
2018/3/28 13:00,31.28356546
2018/3/28 14:00,29.10752089
2018/3/28 15:00,26.90027855
2018/3/28 16:00,28.50306407
2018/3/28 17:00,26.47877095
2018/3/28 18:00,26.7637883
2018/3/28 19:00,26.31922006
2018/3/28 20:00,26.27632312
2018/3/28 21:00,28.88523677
2018/3/28 22:00,40.1086351
2018/3/28 23:00,33.52590529
2018/3/29 0:00,34.59832869
2018/3/29 1:00,37.94901961
2018/3/29 2:00,39.18050139
2018/3/29 3:00,39.84345404
2018/3/29 4:00,38.82952646
2018/3/29 5:00,40.60391061
2018/3/29 6:00,48.29805014
2018/3/29 7:00,51.54651811
2018/3/29 8:00,55.82793296
2018/3/29 9:00,47.7637883
2018/3/29 10:00,46.00111421
2018/3/29 11:00,42.93072626
2018/3/29 12:00,39.95654596
2018/3/29 13:00,33.23732591
2018/3/29 14:00,31.64233983
2018/3/29 15:00,31.08857939
2018/3/29 16:00,33.71309192
2018/3/29 17:00,33.40111421
2018/3/29 18:00,33.3849162
2018/3/29 19:00,33.19442897
2018/3/29 20:00,34.98830084
2018/3/29 21:00,41.81671309
2018/3/29 22:00,43.41169916
2018/3/29 23:00,46.7810585
2018/3/30 0:00,46.93128492
2018/3/30 1:00,49.61396648
2018/3/30 2:00,49.84233983
2018/3/30 3:00,49.89693593
2018/3/30 4:00,53.84735376
2018/3/30 5:00,84.85013928
2018/3/30 6:00,78.07150838
2018/3/30 7:00,61.31922006
2018/3/30 8:00,43.90696379
2018/3/30 9:00,41.0575419
2018/3/30 10:00,40.82228412
2018/3/30 11:00,38.09247911
2018/3/30 12:00,29.30250696
2018/3/30 13:00,29.17381616
2018/3/30 14:00,30.57709497
2018/3/30 15:00,35.95153203
2018/3/30 16:00,27.69582173
2018/3/30 17:00,33.74428969
2018/3/30 18:00,29.01392758
2018/3/30 19:00,33.26368715
2018/3/30 20:00,33.20612813
2018/3/30 21:00,46.07910864
2018/3/30 22:00,46.34860335
2018/3/30 23:00,46.50027855
2018/3/31 0:00,48.45793872
2018/3/31 1:00,50.79106145
2018/3/31 2:00,58.85083799
2018/3/31 3:00,77.56935933
2018/3/31 4:00,73.67988827
2018/3/31 5:00,60.87075209
2018/3/31 6:00,61.80335196
2018/3/31 7:00,57.79387187
2018/3/31 8:00,56.86573816
2018/3/31 9:00,38.16368715
2018/3/31 10:00,27.52423398
2018/3/31 11:00,23.80779944
2018/3/31 12:00,24.96145251
2018/3/31 13:00,25.16490251
2018/3/31 14:00,24.62674095
2018/3/31 15:00,26.44357542
2018/3/31 16:00,28.91253482
2018/3/31 17:00,34.77709497
2018/3/31 18:00,34.18495822
2018/3/31 19:00,40.38941504
2018/3/31 20:00,38.76592179
2018/3/31 21:00,44.89359331
2018/3/31 22:00,46.72011173
2018/3/31 23:00,55.81281337
2018/4/1 0:00,56.90726257
2018/4/1 1:00,52.73854749
2018/4/1 2:00,51.71005587
2018/4/1 3:00,46.13 
2018/4/1 4:00,49.37 
2018/4/1 5:00,49.46 
2018/4/1 6:00,61.06 
2018/4/1 7:00,59.76 
2018/4/1 8:00,53.31 
2018/4/1 9:00,38.65 
2018/4/1 10:00,30.01 
2018/4/1 11:00,35.99 
2018/4/1 12:00,33.52 
2018/4/1 13:00,24.44 
2018/4/1 14:00,23.97 
2018/4/1 15:00,24.92 
2018/4/1 16:00,25.84 
2018/4/1 17:00,26.09 
2018/4/1 18:00,26.61 
2018/4/1 19:00,29.38 
2018/4/1 20:00,41.59 
2018/4/1 21:00,36.40 
2018/4/1 22:00,36.35 
2018/4/1 23:00,37.95 
2018/4/2 0:00,35.11 
2018/4/2 1:00,39.16 
2018/4/2 2:00,43.42 
2018/4/2 3:00,54.83 
2018/4/2 4:00,60.08 
2018/4/2 5:00,50.88 
2018/4/2 6:00,55.27 
2018/4/2 7:00,55.18 
2018/4/2 8:00,56.24 
2018/4/2 9:00,48.69 
2018/4/2 10:00,51.55 
2018/4/2 11:00,46.37 
2018/4/2 12:00,40.77 
2018/4/2 13:00,39.27 
2018/4/2 14:00,35.55 
2018/4/2 15:00,29.21 
2018/4/2 16:00,23.61 
2018/4/2 17:00,25.24 
2018/4/2 18:00,23.48 
2018/4/2 19:00,24.90 
2018/4/2 20:00,25.12 
2018/4/2 21:00,25.98 
2018/4/2 22:00,30.11 
2018/4/2 23:00,33.40 
2018/4/3 0:00,36.60 
2018/4/3 1:00,41.80 
2018/4/3 2:00,47.24 
2018/4/3 3:00,47.44 
2018/4/3 4:00,50.71 
2018/4/3 5:00,53.29 
2018/4/3 6:00,38.83 
2018/4/3 7:00,39.33 
2018/4/3 8:00,28.94 
2018/4/3 9:00,27.05 
2018/4/3 10:00,25.02 
2018/4/3 11:00,19.22 
2018/4/3 12:00,22.95 
2018/4/3 13:00,14.15 
2018/4/3 14:00,12.98 
2018/4/3 15:00,15.19 
2018/4/3 16:00,17.58 
2018/4/3 17:00,16.41 
2018/4/3 18:00,17.69 
2018/4/3 19:00,24.13 
2018/4/3 20:00,25.33 
2018/4/3 21:00,30.22 
2018/4/3 22:00,32.95 
2018/4/3 23:00,37.26 
2018/4/4 0:00,39.13 
2018/4/4 1:00,39.87 
2018/4/4 2:00,43.64 
2018/4/4 3:00,40.65 
2018/4/4 4:00,37.73 
2018/4/4 5:00,42.90 
2018/4/4 6:00,58.19 
2018/4/4 7:00,55.84 
2018/4/4 8:00,46.41 
2018/4/4 9:00,31.32 
2018/4/4 10:00,34.00 
2018/4/4 11:00,33.15 
2018/4/4 12:00,32.04 
2018/4/4 13:00,27.07 
2018/4/4 14:00,27.34 
2018/4/4 15:00,22.68 
2018/4/4 16:00,20.86 
2018/4/4 17:00,22.40 
2018/4/4 18:00,23.01 
2018/4/4 19:00,33.72 
2018/4/4 20:00,28.93 
2018/4/4 21:00,29.25 
2018/4/4 22:00,28.14 
2018/4/4 23:00,27.44 
2018/4/5 0:00,31.51 
2018/4/5 1:00,28.22 
2018/4/5 2:00,25.91 
2018/4/5 3:00,24.70 
2018/4/5 4:00,32.57 
2018/4/5 5:00,27.75 
2018/4/5 6:00,35.17 
2018/4/5 7:00,36.16 
2018/4/5 8:00,31.16 
2018/4/5 9:00,26.94 
2018/4/5 10:00,28.18 
2018/4/5 11:00,25.10 
2018/4/5 12:00,29.18 
2018/4/5 13:00,27.71 
2018/4/5 14:00,23.18 
2018/4/5 15:00,18.04 
2018/4/5 16:00,28.88 
2018/4/5 17:00,28.00 
2018/4/5 18:00,22.66 
2018/4/5 19:00,19.80 
2018/4/5 20:00,21.40 
2018/4/5 21:00,26.34 
2018/4/5 22:00,31.57 
2018/4/5 23:00,35.80 
2018/4/6 0:00,41.64 
2018/4/6 1:00,38.10 
2018/4/6 2:00,32.06 
2018/4/6 3:00,27.97 
2018/4/6 4:00,40.87 
2018/4/6 5:00,32.99 
2018/4/6 6:00,36.79 
2018/4/6 7:00,34.10 
2018/4/6 8:00,48.27 
2018/4/6 9:00,45.47 
2018/4/6 10:00,36.46 
2018/4/6 11:00,39.55 
2018/4/6 12:00,20.20 
2018/4/6 13:00,3.00 
2018/4/6 14:00,2.84 
2018/4/6 15:00,3.63 
2018/4/6 16:00,3.06 
2018/4/6 17:00,3.33 
2018/4/6 18:00,4.65 
2018/4/6 19:00,7.96 
2018/4/6 20:00,8.89 
2018/4/6 21:00,7.02 
2018/4/6 22:00,7.30 
2018/4/6 23:00,7.45 
2018/4/7 0:00,13.82 
2018/4/7 1:00,22.33 
2018/4/7 2:00,26.75 
2018/4/7 3:00,28.04 
2018/4/7 4:00,44.47 
2018/4/7 5:00,43.55 
2018/4/7 6:00,42.05 
2018/4/11 13:00,42.25 
2018/4/11 14:00,39.98 
2018/4/11 15:00,27.10 
2018/4/11 16:00,25.90 
2018/4/11 17:00,27.97 
2018/4/11 18:00,26.85 
2018/4/11 19:00,29.08 
2018/4/11 20:00,31.37 
2018/4/11 21:00,16.77 
2018/4/11 22:00,17.94 
2018/4/11 23:00,18.27 
2018/4/12 0:00,19.81 
2018/4/12 1:00,25.26 
2018/4/12 2:00,29.11 
2018/4/12 3:00,28.93 
2018/4/12 4:00,28.37 
2018/4/12 5:00,26.60 
2018/4/12 6:00,22.00 
2018/4/12 7:00,22.58 
2018/4/12 8:00,31.53 
2018/4/12 9:00,32.55 
2018/4/12 10:00,35.31 
2018/4/12 11:00,40.63 
2018/4/12 12:00,41.35 
2018/4/12 13:00,42.02 
2018/4/12 14:00,43.69 
2018/4/12 15:00,37.63 
2018/4/12 16:00,32.59 
2018/4/12 17:00,29.72 
2018/4/12 18:00,31.83 
2018/4/12 19:00,33.25 
2018/4/12 20:00,39.52 
2018/4/12 21:00,35.37 
2018/4/12 22:00,37.40 
2018/4/12 23:00,40.12 
2018/4/13 0:00,40.73 
2018/4/13 1:00,37.43 
2018/4/13 2:00,35.64 
2018/4/13 3:00,37.42 
2018/4/13 4:00,32.21 
2018/4/13 5:00,28.58 
2018/4/13 6:00,30.84 
2018/4/13 7:00,31.41 
2018/4/13 8:00,33.15 
2018/4/13 9:00,32.45 
2018/4/13 10:00,29.42 
2018/4/13 11:00,49.02 
2018/4/13 12:00,31.42 
2018/4/13 13:00,26.73 
2018/4/13 14:00,28.60 
2018/4/13 15:00,32.97 
2018/4/13 16:00,41.52 
2018/4/13 17:00,42.79 
2018/4/13 18:00,40.92 
2018/4/13 19:00,51.02 
2018/4/13 20:00,59.16 
2018/4/13 21:00,56.06 
2018/4/13 22:00,47.58 
2018/4/13 23:00,39.39 
2018/4/14 0:00,41.40 
2018/4/14 1:00,38.92 
2018/4/14 2:00,37.92 
2018/4/14 3:00,52.10 
2018/4/14 4:00,54.25 
2018/4/14 5:00,44.09 
2018/4/14 6:00,27.64 
2018/4/14 7:00,33.97 
2018/4/14 8:00,37.24 
2018/4/14 9:00,33.51 
2018/4/14 10:00,27.54 
2018/4/14 11:00,28.66 
2018/4/14 12:00,31.37 
2018/4/14 13:00,24.59 
2018/4/14 14:00,20.85 
2018/4/14 15:00,22.69 
2018/4/15 17:00,31.83 
2018/4/15 18:00,31.77 
2018/4/15 19:00,34.79 
2018/4/15 20:00,38.12 
2018/4/15 21:00,44.22 
2018/4/15 22:00,46.21 
2018/4/15 23:00,47.28 
2018/4/16 0:00,47.42 
2018/4/16 1:00,42.10 
2018/4/16 2:00,30.96 
2018/4/16 3:00,22.63 
2018/4/16 4:00,19.32 
2018/4/16 5:00,21.93 
2018/4/16 6:00,22.89 
2018/4/16 7:00,28.35 
2018/4/16 8:00,25.97 
2018/4/16 9:00,28.56 
2018/4/16 10:00,33.78 
2018/4/16 11:00,37.13 
2018/4/16 12:00,34.92 
2018/4/16 13:00,31.01 
2018/4/16 14:00,33.53 
2018/4/16 15:00,33.13 
2018/4/16 16:00,31.70 
2018/4/16 17:00,33.64 
2018/4/16 18:00,34.75 
2018/4/16 19:00,46.24 
2018/4/16 20:00,43.85 
2018/4/16 21:00,45.40 
2018/4/16 22:00,48.92 
2018/4/16 23:00,53.22 
2018/4/17 0:00,53.42 
2018/4/17 1:00,58.27 
2018/4/17 2:00,57.79 
2018/4/17 3:00,55.59 
2018/4/17 4:00,54.70 
2018/4/17 5:00,59.99 
2018/4/17 6:00,72.08 
2018/4/17 7:00,71.72 
2018/4/17 8:00,72.49 
2018/4/17 9:00,87.58 
2018/4/17 10:00,107.27 
2018/4/17 11:00,103.21 
2018/4/17 12:00,88.59 
2018/4/17 13:00,67.64 
2018/4/17 14:00,49.32 
2018/4/17 15:00,47.11 
2018/4/17 16:00,48.76 
2018/4/17 17:00,53.57 
2018/4/17 18:00,111.54 
2018/4/17 19:00,74.27 
2018/4/17 20:00,73.98 
2018/4/17 21:00,67.98 
2018/4/17 22:00,60.92 
2018/4/17 23:00,55.65 
2018/4/18 0:00,50.63 
2018/4/18 1:00,54.87 
2018/4/18 2:00,55.71 
2018/4/18 3:00,68.55 
2018/4/18 4:00,67.16 
2018/4/18 5:00,68.53 
2018/4/18 6:00,75.56 
2018/4/18 7:00,87.74 
2018/4/18 8:00,81.04 
2018/4/18 9:00,71.54 
2018/4/18 10:00,69.37 
2018/4/18 11:00,66.27 
2018/4/18 12:00,67.01 
2018/4/18 13:00,63.90 
2018/4/18 14:00,60.90 
2018/4/18 15:00,55.93 
2018/4/18 16:00,56.28 
2018/4/18 17:00,53.70 
2018/4/18 18:00,47.32 
2018/4/18 19:00,51.73 
2018/4/18 20:00,44.92 
2018/4/18 21:00,43.24 
2018/4/18 22:00,51.73 
2018/4/18 23:00,56.39 
2018/4/19 0:00,57.09 
2018/4/19 1:00,59.43 
2018/4/19 2:00,62.35 
2018/4/19 3:00,60.47 
2018/4/19 4:00,57.88 
2018/4/19 5:00,59.93 
2018/4/19 6:00,73.59 
2018/4/19 7:00,60.87 
2018/4/19 8:00,56.65 
2018/4/19 9:00,52.15 
2018/4/19 10:00,52.93 
2018/4/19 11:00,51.86 
2018/4/19 12:00,49.82 
2018/4/19 13:00,41.03 
2018/4/19 14:00,35.37 
2018/4/19 15:00,30.35 
2018/4/19 16:00,32.63 
2018/4/19 17:00,38.41 
2018/4/19 18:00,40.08 
2018/4/19 19:00,49.33 
2018/4/19 20:00,57.89 
2018/4/19 21:00,80.88 
2018/4/19 22:00,43.61 
2018/4/19 23:00,38.68 
2018/4/20 0:00,34.62 
2018/4/20 1:00,31.93 
2018/4/20 2:00,37.40 
2018/4/20 3:00,35.98 
2018/4/20 4:00,33.17 
2018/4/20 5:00,34.03 
2018/4/20 6:00,46.79 
2018/4/20 7:00,51.79 
2018/4/20 8:00,43.95 
2018/4/20 9:00,47.47 
2018/4/20 10:00,39.89 
2018/4/20 11:00,38.40 
2018/4/20 12:00,37.49 
2018/4/20 13:00,35.39 
2018/4/20 14:00,23.75 
2018/4/20 15:00,21.05 
2018/4/20 16:00,22.53 
2018/4/20 17:00,13.28 
2018/4/20 18:00,16.23 
2018/4/20 19:00,18.36 
2018/4/20 20:00,19.30 
2018/4/20 21:00,19.67 
2018/4/20 22:00,21.85 
2018/4/20 23:00,23.34 
2018/4/21 0:00,21.94 
2018/4/21 1:00,18.20 
2018/4/21 2:00,13.52 
2018/4/21 3:00,12.26 
2018/4/21 4:00,12.17 
2018/4/21 5:00,12.06 
2018/4/21 6:00,13.93 
2018/4/21 7:00,12.78 
2018/4/21 8:00,17.21 
2018/4/21 9:00,20.35 
2018/4/21 10:00,26.00 
2018/4/21 11:00,25.43 
2018/4/21 12:00,25.33 
2018/4/21 13:00,18.36 
2018/4/21 14:00,15.09 
2018/4/21 15:00,16.82 
2018/4/21 16:00,17.99 
2018/4/21 17:00,17.73 
2018/4/21 18:00,16.10 
2018/4/21 19:00,16.43 
2018/4/21 20:00,17.80 
2018/4/21 21:00,17.44 
2018/4/21 22:00,15.31 
2018/4/21 23:00,23.84 
2018/4/22 0:00,35.13 
2018/4/22 1:00,24.26 
2018/4/22 2:00,16.33 
2018/4/22 3:00,18.48 
2018/4/22 4:00,17.31 
2018/4/22 5:00,18.34 
2018/4/22 6:00,20.69 
2018/4/22 7:00,31.38 
2018/4/22 8:00,23.74 
2018/4/22 9:00,22.88 
2018/4/22 10:00,23.48 
2018/4/22 11:00,28.14 
2018/4/22 12:00,28.54 
2018/4/22 13:00,27.58 
2018/4/22 14:00,27.40 
2018/4/22 15:00,26.44 
2018/4/22 16:00,22.97 
2018/4/22 17:00,23.70 
2018/4/22 18:00,26.64 
2018/4/22 19:00,27.04 
2018/4/22 20:00,23.57 
2018/4/22 21:00,24.03 
2018/4/22 22:00,22.81 
2018/4/22 23:00,22.08 
2018/4/23 0:00,19.15 
2018/4/23 1:00,16.90 
2018/4/23 2:00,19.40 
2018/4/23 3:00,20.55 
2018/4/23 4:00,22.27 
2018/4/23 5:00,24.68 
2018/4/23 6:00,27.41 
2018/4/23 7:00,37.29 
2018/4/23 8:00,37.55 
2018/4/23 9:00,36.13 
2018/4/23 10:00,29.51 
2018/4/23 11:00,30.56 
2018/4/23 12:00,25.66 
2018/4/23 13:00,28.16 
2018/4/23 14:00,28.78 
2018/4/23 15:00,35.74 
2018/4/23 16:00,46.65 
2018/4/23 17:00,25.10 
2018/4/23 18:00,29.01 
2018/4/23 19:00,39.54 
2018/4/23 20:00,36.67 
2018/4/23 21:00,32.81 
2018/4/23 22:00,33.73 
2018/4/23 23:00,35.49 
2018/4/24 0:00,35.33 
2018/4/24 1:00,49.34 
2018/4/24 2:00,50.85 
2018/4/24 3:00,47.77 
2018/4/24 4:00,50.71 
2018/4/24 5:00,41.31 
2018/4/24 6:00,37.62 
2018/4/24 7:00,45.59 
2018/4/24 8:00,50.70 
2018/4/24 9:00,48.65 
2018/4/24 10:00,36.35 
2018/4/24 11:00,28.34 
2018/4/24 12:00,29.40 
2018/4/24 13:00,25.22 
2018/4/24 14:00,27.88 
2018/4/24 15:00,29.55 
2018/4/24 16:00,29.50 
2018/4/24 17:00,28.06 
2018/4/24 18:00,29.09 
2018/4/24 19:00,38.06 
2018/4/24 20:00,47.99 
2018/4/24 21:00,44.71 
2018/4/24 22:00,43.83 
2018/4/24 23:00,44.64 
2018/4/25 0:00,42.65 
2018/4/25 1:00,40.98 
2018/4/25 2:00,45.86 
2018/4/25 3:00,49.88 
2018/4/25 4:00,47.37 
2018/4/25 5:00,46.84 
2018/4/25 6:00,56.38 
2018/4/25 7:00,49.41 
2018/4/25 8:00,40.66 
2018/4/25 9:00,42.45 
2018/4/25 10:00,10.83 
2018/4/25 11:00,13.17 
2018/4/25 12:00,9.84 
2018/4/25 13:00,17.58 
2018/4/25 14:00,10.23 
2018/4/25 15:00,8.35 
2018/4/25 16:00,17.17 
2018/4/25 17:00,13.57 
2018/4/25 18:00,17.23 
2018/4/25 19:00,26.69 
2018/4/25 20:00,39.52 
2018/4/25 21:00,44.64 
2018/4/25 22:00,42.85 
2018/4/25 23:00,41.54 
2018/4/26 0:00,47.61 
2018/4/26 1:00,40.22 
2018/4/26 2:00,40.52 
2018/4/26 3:00,42.71 
2018/4/26 4:00,45.07 
2018/4/26 5:00,42.78 
2018/4/26 6:00,39.21 
2018/4/26 7:00,39.06 
2018/4/26 8:00,40.44 
2018/4/26 9:00,40.71 
2018/4/26 10:00,39.40 
2018/4/26 11:00,35.16 
2018/4/26 12:00,37.99 
2018/4/26 13:00,34.98 
2018/4/26 14:00,35.45 
2018/4/26 15:00,25.73 
2018/4/26 16:00,24.86 
2018/4/26 17:00,29.35 
2018/4/26 18:00,27.04 
2018/4/26 19:00,23.47 
2018/4/26 20:00,25.44 
2018/4/26 21:00,29.63 
2018/4/26 22:00,29.32 
2018/4/26 23:00,29.08 
2018/4/27 0:00,27.67 
2018/4/27 1:00,36.36 
2018/4/27 2:00,40.49 
2018/4/27 3:00,37.58 
2018/4/27 4:00,37.76 
2018/4/27 5:00,33.94 
2018/4/27 6:00,34.58 
2018/4/27 7:00,39.67 
2018/4/27 8:00,27.70 
2018/4/27 9:00,20.13 
2018/4/27 10:00,19.69 
2018/4/27 11:00,20.34 
2018/4/27 12:00,17.31 
2018/4/27 13:00,11.42 
2018/4/27 14:00,13.78 
2018/4/27 15:00,12.75 
2018/4/27 16:00,19.04 
2018/4/27 17:00,24.96 
2018/4/27 18:00,28.66 
2018/4/27 19:00,23.75 
2018/4/27 20:00,23.51 
2018/4/27 21:00,24.23 
2018/4/27 22:00,25.47 
2018/4/27 23:00,30.75 
2018/4/28 0:00,30.36 
2018/4/28 1:00,30.83 
2018/4/28 2:00,31.30 
2018/4/28 3:00,31.24 
2018/4/28 4:00,29.50 
2018/4/28 5:00,28.65 
2018/4/28 6:00,31.23 
2018/4/28 7:00,42.46 
2018/4/28 8:00,52.55 
2018/4/28 9:00,38.32 
2018/4/28 10:00,38.17 
2018/4/28 11:00,42.78 
2018/4/28 12:00,42.38 
2018/4/28 13:00,46.28 
2018/4/28 14:00,44.91 
2018/4/28 15:00,39.76 
2018/4/28 16:00,42.11 
2018/4/28 17:00,45.34 
2018/4/28 18:00,46.46 
2018/4/28 19:00,58.52 
2018/4/28 20:00,65.86 
2018/4/28 21:00,75.29 
2018/4/28 22:00,61.95 
2018/4/28 23:00,59.90 
2018/4/29 0:00,65.52 
2018/4/29 1:00,62.37 
2018/4/29 2:00,52.12 
2018/4/29 3:00,50.24 
2018/4/29 4:00,49.26 
2018/4/29 5:00,47.92 
2018/4/29 6:00,44.80 
2018/4/29 7:00,44.42 
2018/4/29 8:00,39.61 
2018/4/29 9:00,40.59 
2018/4/29 10:00,47.47 
2018/4/29 11:00,43.88 
2018/4/29 12:00,33.37 
2018/4/29 13:00,35.22 
2018/4/29 14:00,44.79 
2018/4/29 15:00,53.77 
2018/4/29 16:00,46.73 
2018/4/29 17:00,51.07 
2018/4/29 18:00,60.61 
2018/4/29 19:00,68.56 
2018/4/29 20:00,56.71 
2018/4/29 21:00,26.76 
2018/4/29 22:00,27.83 
2018/4/29 23:00,32.15 
2018/4/30 0:00,33.49 
2018/4/30 1:00,38.21 
2018/4/30 2:00,29.36 
2018/4/30 3:00,19.34 
2018/4/30 4:00,23.90 
2018/4/30 5:00,23.70 
2018/4/30 6:00,19.03 
2018/4/30 7:00,31.71 
